group_id,source_plant_id,target_plant_id,model_family,support_rule,computable,reason,n_eligible_target_test,n_supported,n_supported_days,support_retention,threshold,n_support_features,transfer_mae,local_same_rows_mae,otg_abs,otg_rel,otg_rel_defined
TW_04b9f5d95694,PS_002,PS_003,SplineRidge,CS4_R9,True,,3374,3199,88,0.9481327800829875,0.4062346076280548,6,0.05712021276954012,0.05616324102436571,0.0009569717451744161,0.017039111841128367,True
TW_04b9f5d95694,PS_003,PS_002,SplineRidge,CS4_R9,True,,3527,3337,92,0.9461298554011908,0.41497290002681125,6,0.06741297343141421,0.0662131708823767,0.0011998025490375097,0.018120300433411944,True
TW_4467a039e00b,PS_042,PS_043,SplineRidge,CS4_R9,True,,791,614,20,0.7762326169405815,0.5311994797362574,6,0.06785118684462979,0.08490617237456927,-0.017054985529939476,-0.2008686182990356,True
TW_4467a039e00b,PS_042,PS_044,SplineRidge,CS4_R9,True,,835,405,21,0.48502994011976047,0.5311994797362574,6,0.08809958786036037,0.0768248103297875,0.011274777530572877,0.14675958823944243,True
TW_4467a039e00b,PS_042,PS_045,SplineRidge,CS4_R9,True,,732,195,19,0.26639344262295084,0.5311994797362574,6,0.05652545741049915,0.06505029188249507,-0.008524834471995923,-0.13104990347153142,True
TW_4467a039e00b,PS_042,PS_046,SplineRidge,CS4_R9,True,,570,300,16,0.5263157894736842,0.5311994797362574,6,0.06367957148816278,0.06852278802129198,-0.004843216533129205,-0.07068037762305117,True
TW_4467a039e00b,PS_042,PS_047,SplineRidge,CS4_R9,True,,576,171,16,0.296875,0.5311994797362574,6,0.05984052359679772,0.06337767156389568,-0.0035371479670979547,-0.0558106329850237,True
TW_4467a039e00b,PS_042,PS_048,SplineRidge,CS4_R9,True,,739,167,18,0.2259810554803789,0.5311994797362574,6,0.031682550491055124,0.0315586761810078,0.00012387431004732413,0.003925206156837226,True
TW_4467a039e00b,PS_042,PS_049,SplineRidge,CS4_R9,True,,710,145,18,0.20422535211267606,0.5311994797362574,6,0.07559855600449247,0.07848331083641197,-0.002884754831919495,-0.03675628361209663,True
TW_4467a039e00b,PS_042,PS_050,SplineRidge,CS4_R9,True,,841,124,21,0.14744351961950058,0.5311994797362574,6,0.060713144480252876,0.05838196452550783,0.0023311799547450426,0.039929796362479716,True
TW_4467a039e00b,PS_042,PS_051,SplineRidge,CS4_R9,True,,747,535,18,0.7161981258366801,0.5311994797362574,6,0.09408145658846757,0.06622993813293904,0.027851518455528537,0.42052762301580293,True
TW_4467a039e00b,PS_043,PS_042,SplineRidge,CS4_R9,True,,819,211,20,0.2576312576312576,0.5142527041119462,6,0.07320280781481983,0.05037894981600637,0.02282385799881346,0.4530435446187462,True
TW_4467a039e00b,PS_043,PS_044,SplineRidge,CS4_R9,True,,835,220,20,0.2634730538922156,0.5142527041119462,6,0.11950140220662639,0.0742769436336246,0.045224458573001794,0.6088626747497057,True
TW_4467a039e00b,PS_043,PS_045,SplineRidge,CS4_R9,True,,732,148,18,0.20218579234972678,0.5142527041119462,6,0.06967489669766339,0.05447965624975984,0.015195240447903546,0.2789158650018195,True
TW_4467a039e00b,PS_043,PS_046,SplineRidge,CS4_R9,True,,570,149,16,0.2614035087719298,0.5142527041119462,6,0.07487211899233352,0.06064249764575111,0.014229621346582413,0.23464767941627493,True
TW_4467a039e00b,PS_043,PS_047,SplineRidge,CS4_R9,True,,576,97,16,0.1684027777777778,0.5142527041119462,6,0.07971405226988929,0.049228466816613935,0.03048558545327535,0.6192674162866043,True
TW_4467a039e00b,PS_043,PS_048,SplineRidge,CS4_R9,True,,739,154,18,0.2083897158322057,0.5142527041119462,6,0.040956402572442846,0.02713629095936007,0.013820111613082775,0.5092852090132763,True
TW_4467a039e00b,PS_043,PS_049,SplineRidge,CS4_R9,True,,710,105,17,0.14788732394366197,0.5142527041119462,6,0.0729901300189786,0.06359837111183264,0.009391758907145956,0.14767294732488195,True
TW_4467a039e00b,PS_043,PS_050,SplineRidge,CS4_R9,True,,841,69,20,0.08204518430439953,0.5142527041119462,6,0.0717641996830225,0.0537249309173709,0.018039268765651602,0.3357709066838271,True
TW_4467a039e00b,PS_043,PS_051,SplineRidge,CS4_R9,True,,747,411,18,0.5502008032128514,0.5142527041119462,6,0.11149055719659444,0.07578979416433072,0.035700763032263716,0.47104974259272653,True
TW_4467a039e00b,PS_044,PS_042,SplineRidge,CS4_R9,True,,819,578,20,0.7057387057387058,0.5641376971789263,6,0.06230751961026845,0.06167791088932499,0.0006296087209434614,0.010208009834724023,True
TW_4467a039e00b,PS_044,PS_043,SplineRidge,CS4_R9,True,,791,389,20,0.4917825537294564,0.5641376971789263,6,0.07914031616886458,0.0764114767135262,0.002728839455338375,0.03571242924108181,True
TW_4467a039e00b,PS_044,PS_045,SplineRidge,CS4_R9,True,,732,429,19,0.5860655737704918,0.5641376971789263,6,0.050656600504779804,0.04703737671113343,0.0036192237936463756,0.07694357225473694,True
TW_4467a039e00b,PS_044,PS_046,SplineRidge,CS4_R9,True,,570,458,16,0.8035087719298246,0.5641376971789263,6,0.06843851281812227,0.06452512647199476,0.0039133863461275065,0.06064903023206002,True
TW_4467a039e00b,PS_044,PS_047,SplineRidge,CS4_R9,True,,576,312,16,0.5416666666666666,0.5641376971789263,6,0.1049335221453741,0.09777575316694335,0.007157768978430748,0.07320597128215926,True
TW_4467a039e00b,PS_044,PS_048,SplineRidge,CS4_R9,True,,739,305,18,0.41271989174560214,0.5641376971789263,6,0.05415607710823768,0.04502423550992074,0.00913184159831694,0.20282058084705978,True
TW_4467a039e00b,PS_044,PS_049,SplineRidge,CS4_R9,True,,710,402,17,0.5661971830985916,0.5641376971789263,6,0.06380955595983175,0.05852916934631758,0.005280386613514168,0.09021803440042138,True
TW_4467a039e00b,PS_044,PS_050,SplineRidge,CS4_R9,True,,841,424,21,0.5041617122473246,0.5641376971789263,6,0.06207899670091396,0.056886013473763826,0.005192983227150137,0.09128752236338679,True
TW_4467a039e00b,PS_044,PS_051,SplineRidge,CS4_R9,True,,747,326,18,0.4364123159303882,0.5641376971789263,6,0.11214303448568637,0.06900300111091806,0.04314003337476831,0.6251906827273117,True
TW_4467a039e00b,PS_045,PS_042,SplineRidge,CS4_R9,True,,819,485,20,0.5921855921855922,0.694784995602642,6,0.06404924775656329,0.0625562596304806,0.0014929881260826866,0.0238663266458346,True
TW_4467a039e00b,PS_045,PS_043,SplineRidge,CS4_R9,True,,791,207,20,0.26169405815423513,0.694784995602642,6,0.0687345465263357,0.05945935463508202,0.009275191891253684,0.15599213863281935,True
TW_4467a039e00b,PS_045,PS_044,SplineRidge,CS4_R9,True,,835,451,21,0.5401197604790419,0.694784995602642,6,0.0958138052364819,0.07658408638436079,0.019229718852121117,0.251092880518426,True
TW_4467a039e00b,PS_045,PS_046,SplineRidge,CS4_R9,True,,570,470,16,0.8245614035087719,0.694784995602642,6,0.07024948277860085,0.06549938235244164,0.004750100426159212,0.07252130104982801,True
TW_4467a039e00b,PS_045,PS_047,SplineRidge,CS4_R9,True,,576,417,17,0.7239583333333334,0.694784995602642,6,0.0938232423779011,0.12363346499061584,-0.029810222612714737,-0.24111774765009963,True
TW_4467a039e00b,PS_045,PS_048,SplineRidge,CS4_R9,True,,739,170,18,0.23004059539918809,0.694784995602642,6,0.05058624730287641,0.03875111708453742,0.011835130218338992,0.3054139108433981,True
TW_4467a039e00b,PS_045,PS_049,SplineRidge,CS4_R9,True,,710,521,18,0.7338028169014085,0.694784995602642,6,0.0623964362477545,0.05720856319139917,0.005187873056355326,0.0906835055269362,True
TW_4467a039e00b,PS_045,PS_050,SplineRidge,CS4_R9,True,,841,586,21,0.6967895362663495,0.694784995602642,6,0.06487484946588698,0.0610623745300652,0.0038124749358217774,0.06243574648320684,True
TW_4467a039e00b,PS_045,PS_051,SplineRidge,CS4_R9,True,,747,250,19,0.33467202141900937,0.694784995602642,6,0.07585917178669982,0.04472176107912069,0.03113741070757913,0.6962474186222577,True
TW_4467a039e00b,PS_046,PS_042,SplineRidge,CS4_R9,True,,819,472,20,0.5763125763125763,0.6448333873596003,6,0.05275732766558239,0.06334456666132493,-0.010587238995742543,-0.16713728664918925,True
TW_4467a039e00b,PS_046,PS_043,SplineRidge,CS4_R9,True,,791,286,20,0.3615676359039191,0.6448333873596003,6,0.0816593268641619,0.07224209654583401,0.00941723031832789,0.1303565478938326,True
TW_4467a039e00b,PS_046,PS_044,SplineRidge,CS4_R9,True,,835,463,21,0.5544910179640719,0.6448333873596003,6,0.07586929096150288,0.07996509633071643,-0.004095805369213543,-0.05121991415197295,True
TW_4467a039e00b,PS_046,PS_045,SplineRidge,CS4_R9,True,,732,502,19,0.6857923497267759,0.6448333873596003,6,0.043773878052212375,0.043188580683865815,0.0005852973683465601,0.013552132509999633,True
TW_4467a039e00b,PS_046,PS_047,SplineRidge,CS4_R9,True,,576,425,17,0.7378472222222222,0.6448333873596003,6,0.08676449833264203,0.12648278447489222,-0.03971828614225019,-0.31402128208313257,True
TW_4467a039e00b,PS_046,PS_048,SplineRidge,CS4_R9,True,,739,82,18,0.11096075778078485,0.6448333873596003,6,0.05785356947782723,0.04909672647773494,0.008756843000092288,0.17835899923110884,True
TW_4467a039e00b,PS_046,PS_049,SplineRidge,CS4_R9,True,,710,484,18,0.6816901408450704,0.6448333873596003,6,0.06860948959604705,0.0583990925270823,0.010210397068964754,0.17483828304745883,True
TW_4467a039e00b,PS_046,PS_050,SplineRidge,CS4_R9,True,,841,573,21,0.6813317479191439,0.6448333873596003,6,0.06237716023685265,0.05990130935959247,0.002475850877260183,0.04133216625361972,True
TW_4467a039e00b,PS_046,PS_051,SplineRidge,CS4_R9,True,,747,294,19,0.39357429718875503,0.6448333873596003,6,0.07497651234664138,0.053349584594152295,0.021626927752489082,0.40538137113929157,True
TW_4467a039e00b,PS_047,PS_042,SplineRidge,CS4_R9,True,,819,586,20,0.7155067155067155,0.5976234183922884,6,0.18067124817377378,0.06243639022721073,0.11823485794656305,1.8936850371441636,True
TW_4467a039e00b,PS_047,PS_043,SplineRidge,CS4_R9,True,,791,298,20,0.37673830594184576,0.5976234183922884,6,0.14079563635037173,0.07204423706535566,0.06875139928501607,0.9542942237371123,True
TW_4467a039e00b,PS_047,PS_044,SplineRidge,CS4_R9,True,,835,571,21,0.6838323353293413,0.5976234183922884,6,0.1968339363950602,0.07816023156581944,0.11867370482924075,1.5183387056537128,True
TW_4467a039e00b,PS_047,PS_045,SplineRidge,CS4_R9,True,,732,548,20,0.7486338797814208,0.5976234183922884,6,0.15351649611249804,0.04614371610892938,0.10737278000356866,2.326920956043042,True
TW_4467a039e00b,PS_047,PS_046,SplineRidge,CS4_R9,True,,570,487,16,0.8543859649122807,0.5976234183922884,6,0.13235856658619663,0.06806038755372917,0.06429817903246746,0.9447224934137834,True
TW_4467a039e00b,PS_047,PS_048,SplineRidge,CS4_R9,True,,739,132,18,0.17861975642760486,0.5976234183922884,6,0.1204429994928807,0.034974060724687485,0.08546893876819323,2.4437808191904473,True
TW_4467a039e00b,PS_047,PS_049,SplineRidge,CS4_R9,True,,710,477,18,0.671830985915493,0.5976234183922884,6,0.17268757836767384,0.06087647339897874,0.1118111049686951,1.836688275877867,True
TW_4467a039e00b,PS_047,PS_050,SplineRidge,CS4_R9,True,,841,536,21,0.6373365041617123,0.5976234183922884,6,0.17507034525649298,0.060207654026329736,0.11486269123016324,1.907775565876259,True
TW_4467a039e00b,PS_047,PS_051,SplineRidge,CS4_R9,True,,747,319,19,0.42704149933065594,0.5976234183922884,6,0.15174382122286156,0.04517715824949235,0.10656666297336921,2.3588615818828464,True
TW_4467a039e00b,PS_048,PS_042,SplineRidge,CS4_R9,True,,819,358,19,0.4371184371184371,0.38880986598928063,5,0.04458105264383853,0.06389592037073273,-0.019314867726894204,-0.30228639973924376,True
TW_4467a039e00b,PS_048,PS_043,SplineRidge,CS4_R9,True,,791,281,20,0.3552465233881163,0.38880986598928063,5,0.0600843172072948,0.0675468001825515,-0.007462482975256708,-0.11047870446991796,True
TW_4467a039e00b,PS_048,PS_044,SplineRidge,CS4_R9,True,,835,244,20,0.29221556886227545,0.38880986598928063,5,0.07925035896429679,0.08455067989985332,-0.005300320935556532,-0.06268809360060187,True
TW_4467a039e00b,PS_048,PS_045,SplineRidge,CS4_R9,True,,732,345,18,0.4713114754098361,0.38880986598928063,5,0.04177085551404165,0.04455189026219516,-0.002781034748153506,-0.06242237381594051,True
TW_4467a039e00b,PS_048,PS_046,SplineRidge,CS4_R9,True,,570,305,16,0.5350877192982456,0.38880986598928063,5,0.062148094844628576,0.06772589642528537,-0.005577801580656794,-0.08235847548817869,True
TW_4467a039e00b,PS_048,PS_047,SplineRidge,CS4_R9,True,,576,198,16,0.34375,0.38880986598928063,5,0.06513594985077559,0.10606567855932532,-0.04092972870854973,-0.3858904149249058,True
TW_4467a039e00b,PS_048,PS_049,SplineRidge,CS4_R9,True,,710,255,17,0.3591549295774648,0.38880986598928063,5,0.06739902840904247,0.07086985995974152,-0.0034708315506990495,-0.04897472003854244,True
TW_4467a039e00b,PS_048,PS_050,SplineRidge,CS4_R9,True,,841,158,20,0.187871581450654,0.38880986598928063,5,0.05233806801298135,0.05772001711510348,-0.005381949102122134,-0.09324233378846054,True
TW_4467a039e00b,PS_048,PS_051,SplineRidge,CS4_R9,True,,747,233,19,0.3119143239625167,0.38880986598928063,5,0.041898305553069996,0.04422259215315754,-0.002324286600087544,-0.05255880505687606,True
TW_4467a039e00b,PS_049,PS_042,SplineRidge,CS4_R9,True,,819,580,20,0.7081807081807082,0.6553870982781045,6,0.05160085580042417,0.06113930967410821,-0.009538453873684037,-0.15601180197367295,True
TW_4467a039e00b,PS_049,PS_043,SplineRidge,CS4_R9,True,,791,398,20,0.5031605562579013,0.6553870982781045,6,0.05945418796877476,0.07418242002323795,-0.014728232054463192,-0.19854073309888665,True
TW_4467a039e00b,PS_049,PS_044,SplineRidge,CS4_R9,True,,835,588,21,0.704191616766467,0.6553870982781045,6,0.08424368045985917,0.07788178185159668,0.006361898608262487,0.08168660830571456,True
TW_4467a039e00b,PS_049,PS_045,SplineRidge,CS4_R9,True,,732,555,20,0.7581967213114754,0.6553870982781045,6,0.051362421107464126,0.04574191644264145,0.0056205046648226745,0.12287427160754326,True
TW_4467a039e00b,PS_049,PS_046,SplineRidge,CS4_R9,True,,570,516,16,0.9052631578947369,0.6553870982781045,6,0.07177503386327241,0.06463337024086446,0.007141663622407951,0.11049499037097454,True
TW_4467a039e00b,PS_049,PS_047,SplineRidge,CS4_R9,True,,576,428,17,0.7430555555555556,0.6553870982781045,6,0.10017716451625049,0.11719340951086041,-0.017016244994609922,-0.1451979686027738,True
TW_4467a039e00b,PS_049,PS_048,SplineRidge,CS4_R9,True,,739,162,18,0.21921515561569688,0.6553870982781045,6,0.048184237804789566,0.038139716693351054,0.010044521111438512,0.2633611883433205,True
TW_4467a039e00b,PS_049,PS_050,SplineRidge,CS4_R9,True,,841,587,21,0.6979785969084423,0.6553870982781045,6,0.0669555950208127,0.06016182119754692,0.006793773823265785,0.11292500273483741,True
TW_4467a039e00b,PS_049,PS_051,SplineRidge,CS4_R9,True,,747,262,19,0.3507362784471218,0.6553870982781045,6,0.07332250933160944,0.057020734569532605,0.016301774762076837,0.28589205111340715,True
TW_4467a039e00b,PS_050,PS_042,SplineRidge,CS4_R9,True,,819,603,20,0.7362637362637363,0.5784805275263192,6,0.0488447211986543,0.062075354603011286,-0.013230633404356984,-0.21313826540291989,True
TW_4467a039e00b,PS_050,PS_043,SplineRidge,CS4_R9,True,,791,472,20,0.5967130214917825,0.5784805275263192,6,0.0557370635724926,0.07578996863173108,-0.020052905059238485,-0.26458521386487166,True
TW_4467a039e00b,PS_050,PS_044,SplineRidge,CS4_R9,True,,835,631,21,0.755688622754491,0.5784805275263192,6,0.08361943557961568,0.07907478039311665,0.004544655186499033,0.05747287774819592,True
TW_4467a039e00b,PS_050,PS_045,SplineRidge,CS4_R9,True,,732,573,20,0.7827868852459017,0.5784805275263192,6,0.04571184125331167,0.04465647092830641,0.0010553703250052657,0.023633088398310888,True
TW_4467a039e00b,PS_050,PS_046,SplineRidge,CS4_R9,True,,570,536,16,0.9403508771929825,0.5784805275263192,6,0.06741836140122755,0.0668971079540698,0.0005212534471577407,0.007791868185327573,True
TW_4467a039e00b,PS_050,PS_047,SplineRidge,CS4_R9,True,,576,502,17,0.8715277777777778,0.5784805275263192,6,0.08493243973535153,0.12193278179028344,-0.03700034205493191,-0.3034486830503886,True
TW_4467a039e00b,PS_050,PS_048,SplineRidge,CS4_R9,True,,739,156,18,0.21109607577807848,0.5784805275263192,6,0.047038610571184206,0.03771804189401225,0.009320568677171959,0.24711167942818374,True
TW_4467a039e00b,PS_050,PS_049,SplineRidge,CS4_R9,True,,710,568,18,0.8,0.5784805275263192,6,0.0625143163118665,0.05875173680973344,0.0037625795021330663,0.0640420131632554,True
TW_4467a039e00b,PS_050,PS_051,SplineRidge,CS4_R9,True,,747,404,19,0.5408299866131191,0.5784805275263192,6,0.06946601665672453,0.06181544222875671,0.007650574427967814,0.1237647770868611,True
TW_4467a039e00b,PS_051,PS_042,SplineRidge,CS4_R9,True,,819,201,20,0.2454212454212454,0.5040168921534446,6,0.039873460273214055,0.047609781108146274,-0.0077363208349322185,-0.16249435840419135,True
TW_4467a039e00b,PS_051,PS_043,SplineRidge,CS4_R9,True,,791,504,20,0.6371681415929203,0.5040168921534446,6,0.06452416657200559,0.08501088126191034,-0.020486714689904748,-0.2409893226113861,True
TW_4467a039e00b,PS_051,PS_044,SplineRidge,CS4_R9,True,,835,179,20,0.21437125748502994,0.5040168921534446,6,0.09449058644356843,0.06876327870016231,0.02572730774340612,0.3741431215865713,True
TW_4467a039e00b,PS_051,PS_045,SplineRidge,CS4_R9,True,,732,157,18,0.21448087431693988,0.5040168921534446,6,0.06140784069118713,0.05520706054108746,0.006200780150099665,0.11231860724562175,True
TW_4467a039e00b,PS_051,PS_046,SplineRidge,CS4_R9,True,,570,185,16,0.32456140350877194,0.5040168921534446,6,0.06680173403715448,0.06841018912219224,-0.0016084550850377632,-0.023511922795079382,True
TW_4467a039e00b,PS_051,PS_047,SplineRidge,CS4_R9,True,,576,156,16,0.2708333333333333,0.5040168921534446,6,0.06904031312644009,0.05715499580964361,0.011885317316796477,0.20794887915626614,True
TW_4467a039e00b,PS_051,PS_048,SplineRidge,CS4_R9,True,,739,83,17,0.11231393775372124,0.5040168921534446,6,0.03781265041401017,0.03063334355199872,0.007179306862011448,0.23436249620694843,True
TW_4467a039e00b,PS_051,PS_049,SplineRidge,CS4_R9,True,,710,166,17,0.23380281690140844,0.5040168921534446,6,0.05927038499359114,0.06122547858240475,-0.001955093588813607,-0.031932679565455785,True
TW_4467a039e00b,PS_051,PS_050,SplineRidge,CS4_R9,True,,841,133,20,0.1581450653983353,0.5040168921534446,6,0.053798767259935674,0.05080290911639447,0.0029958581435412038,0.05897020851064646,True
TW_88a108921af7,PS_035,PS_039,SplineRidge,CS4_R9,True,,1318,736,37,0.5584218512898331,0.5378490576046681,6,0.065454881856832,0.07870845383597484,-0.013253571979142842,-0.1683881633193143,True
TW_88a108921af7,PS_039,PS_035,SplineRidge,CS4_R9,True,,1628,673,43,0.4133906633906634,0.49852846726282063,6,0.05895508866370865,0.06354279276929202,-0.0045877041055833664,-0.0721986539408202,True
