group_id,source_plant_id,target_plant_id,model_family,support_rule,computable,reason,n_source_recent_half,n_target_recent_half,n_eligible_target_test,n_supported,n_supported_days,support_retention,threshold,transfer_mae,local_same_rows_mae,otg_abs
TW_04b9f5d95694,PS_002,PS_003,SplineRidge,CS4,True,,5289,5060,3374,3148,88,0.9330171902786011,0.4531296693586053,0.0581658499687772,0.057077650732741014,0.0010881992360361886
TW_04b9f5d95694,PS_003,PS_002,SplineRidge,CS4,True,,5060,5289,3527,3238,92,0.9180606747944429,0.46521640415269827,0.06863709699893851,0.06737194987861489,0.0012651471203236203
TW_4467a039e00b,PS_042,PS_043,SplineRidge,CS4,True,,1228,1185,791,562,20,0.7104930467762326,0.6088399645356727,0.06631493984967106,0.07761342602671288,-0.011298486177041822
TW_4467a039e00b,PS_042,PS_044,SplineRidge,CS4,True,,1228,1252,835,451,21,0.5401197604790419,0.6088399645356727,0.09790999136331933,0.07467249872723646,0.02323749263608288
TW_4467a039e00b,PS_042,PS_045,SplineRidge,CS4,True,,1228,1098,732,205,19,0.28005464480874315,0.6088399645356727,0.06343326714409615,0.0644663370414757,-0.0010330698973795432
TW_4467a039e00b,PS_042,PS_046,SplineRidge,CS4,True,,1228,855,570,330,16,0.5789473684210527,0.6088399645356727,0.07317790461464882,0.06880915487008396,0.004368749744564859
TW_4467a039e00b,PS_042,PS_047,SplineRidge,CS4,True,,1228,863,576,189,16,0.328125,0.6088399645356727,0.06563892471120707,0.07399782588696066,-0.008358901175753594
TW_4467a039e00b,PS_042,PS_048,SplineRidge,CS4,True,,1228,1108,739,179,18,0.2422192151556157,0.6088399645356727,0.03853392146297974,0.032458342988897125,0.006075578474082612
TW_4467a039e00b,PS_042,PS_049,SplineRidge,CS4,True,,1228,1065,710,172,17,0.24225352112676057,0.6088399645356727,0.08047000706062674,0.07703877824923108,0.0034312288113956535
TW_4467a039e00b,PS_042,PS_050,SplineRidge,CS4,True,,1228,1261,841,157,21,0.18668252080856124,0.6088399645356727,0.06531437114543165,0.059565404721936624,0.005748966423495025
TW_4467a039e00b,PS_042,PS_051,SplineRidge,CS4,True,,1228,1120,747,498,18,0.6666666666666666,0.6088399645356727,0.09422696843861009,0.07251956999039613,0.021707398448213955
TW_4467a039e00b,PS_043,PS_042,SplineRidge,CS4,True,,1185,1228,819,277,20,0.33821733821733824,0.6159602073994177,0.06571317556106542,0.06700778300809679,-0.0012946074470313734
TW_4467a039e00b,PS_043,PS_044,SplineRidge,CS4,True,,1185,1252,835,271,20,0.32455089820359284,0.6159602073994177,0.09792254607171351,0.0716921589674336,0.026230387104279912
TW_4467a039e00b,PS_043,PS_045,SplineRidge,CS4,True,,1185,1098,732,156,18,0.21311475409836064,0.6159602073994177,0.07814278839562196,0.061166420878153965,0.01697636751746799
TW_4467a039e00b,PS_043,PS_046,SplineRidge,CS4,True,,1185,855,570,170,16,0.2982456140350877,0.6159602073994177,0.081410007694712,0.06370818304472073,0.017701824649991274
TW_4467a039e00b,PS_043,PS_047,SplineRidge,CS4,True,,1185,863,576,94,16,0.16319444444444445,0.6159602073994177,0.09873345940895994,0.05970743809844424,0.039026021310515704
TW_4467a039e00b,PS_043,PS_048,SplineRidge,CS4,True,,1185,1108,739,174,18,0.2354533152909337,0.6159602073994177,0.0487237918006255,0.03654585060494866,0.01217794119567684
TW_4467a039e00b,PS_043,PS_049,SplineRidge,CS4,True,,1185,1065,710,106,17,0.14929577464788732,0.6159602073994177,0.07287097224049567,0.065448589927107,0.007422382313388667
TW_4467a039e00b,PS_043,PS_050,SplineRidge,CS4,True,,1185,1261,841,67,18,0.07966706302021404,0.6159602073994177,0.07671435670966847,0.059493560272682856,0.017220796436985618
TW_4467a039e00b,PS_043,PS_051,SplineRidge,CS4,True,,1185,1120,747,442,18,0.5917001338688086,0.6159602073994177,0.10858868377657657,0.08118323801230339,0.027405445764273187
TW_4467a039e00b,PS_044,PS_042,SplineRidge,CS4,True,,1252,1228,819,542,20,0.6617826617826618,0.6156978909774169,0.06452167815202053,0.08114850014397214,-0.016626821991951604
TW_4467a039e00b,PS_044,PS_043,SplineRidge,CS4,True,,1252,1185,791,284,20,0.359039190897598,0.6156978909774169,0.06359800908890774,0.06687640888807819,-0.0032783997991704533
TW_4467a039e00b,PS_044,PS_045,SplineRidge,CS4,True,,1252,1098,732,393,19,0.5368852459016393,0.6156978909774169,0.05814585961008819,0.04996809566180983,0.008177763948278356
TW_4467a039e00b,PS_044,PS_046,SplineRidge,CS4,True,,1252,855,570,430,16,0.7543859649122807,0.6156978909774169,0.06937008710785166,0.06258113335942292,0.006788953748428736
TW_4467a039e00b,PS_044,PS_047,SplineRidge,CS4,True,,1252,863,576,304,17,0.5277777777777778,0.6156978909774169,0.10908721860255277,0.10255125154348076,0.006535967059072015
TW_4467a039e00b,PS_044,PS_048,SplineRidge,CS4,True,,1252,1108,739,289,18,0.3910690121786198,0.6156978909774169,0.0534107927457594,0.04511306450880789,0.008297728236951504
TW_4467a039e00b,PS_044,PS_049,SplineRidge,CS4,True,,1252,1065,710,405,18,0.5704225352112676,0.6156978909774169,0.06668461948833947,0.06026813285057406,0.006416486637765409
TW_4467a039e00b,PS_044,PS_050,SplineRidge,CS4,True,,1252,1261,841,451,21,0.5362663495838288,0.6156978909774169,0.060546057525298576,0.06163531272369939,-0.001089255198400814
TW_4467a039e00b,PS_044,PS_051,SplineRidge,CS4,True,,1252,1120,747,226,18,0.30254350736278446,0.6156978909774169,0.08998384186544099,0.08040396688843872,0.009579874977002273
TW_4467a039e00b,PS_045,PS_042,SplineRidge,CS4,True,,1098,1228,819,509,20,0.6214896214896215,0.8088273495976918,0.06269717196004586,0.08040473163408182,-0.017707559674035964
TW_4467a039e00b,PS_045,PS_043,SplineRidge,CS4,True,,1098,1185,791,157,20,0.19848293299620734,0.8088273495976918,0.07497376576271625,0.05739549324432323,0.017578272518393022
TW_4467a039e00b,PS_045,PS_044,SplineRidge,CS4,True,,1098,1252,835,492,21,0.5892215568862276,0.8088273495976918,0.09515663592400612,0.0773092072040524,0.01784742871995372
TW_4467a039e00b,PS_045,PS_046,SplineRidge,CS4,True,,1098,855,570,492,16,0.8631578947368421,0.8088273495976918,0.06803209649517256,0.06431147555685143,0.003720620938321123
TW_4467a039e00b,PS_045,PS_047,SplineRidge,CS4,True,,1098,863,576,453,17,0.7864583333333334,0.8088273495976918,0.0959024477888729,0.12362838099364204,-0.02772593320476914
TW_4467a039e00b,PS_045,PS_048,SplineRidge,CS4,True,,1098,1108,739,149,18,0.20162381596752368,0.8088273495976918,0.04798550722471336,0.035839826974660885,0.012145680250052478
TW_4467a039e00b,PS_045,PS_049,SplineRidge,CS4,True,,1098,1065,710,560,18,0.7887323943661971,0.8088273495976918,0.06570885498474581,0.058685228221783396,0.0070236267629624136
TW_4467a039e00b,PS_045,PS_050,SplineRidge,CS4,True,,1098,1261,841,636,21,0.7562425683709869,0.8088273495976918,0.06570483634754716,0.06471856043001846,0.0009862759175287006
TW_4467a039e00b,PS_045,PS_051,SplineRidge,CS4,True,,1098,1120,747,200,18,0.2677376171352075,0.8088273495976918,0.07261210599819147,0.0455417469145245,0.02707035908366697
TW_4467a039e00b,PS_046,PS_042,SplineRidge,CS4,True,,855,1228,819,439,20,0.536019536019536,0.7102626453300122,0.04735744990369012,0.08031281748622027,-0.03295536758253015
TW_4467a039e00b,PS_046,PS_043,SplineRidge,CS4,True,,855,1185,791,126,20,0.1592920353982301,0.7102626453300122,0.05558972574904055,0.061684284081829556,-0.006094558332789005
TW_4467a039e00b,PS_046,PS_044,SplineRidge,CS4,True,,855,1252,835,431,21,0.5161676646706587,0.7102626453300122,0.07662433520449644,0.07677374129517016,-0.00014940609067372324
TW_4467a039e00b,PS_046,PS_045,SplineRidge,CS4,True,,855,1098,732,495,19,0.6762295081967213,0.7102626453300122,0.04679851956219556,0.04362367353744186,0.003174846024753701
TW_4467a039e00b,PS_046,PS_047,SplineRidge,CS4,True,,855,863,576,429,17,0.7447916666666666,0.7102626453300122,0.09296428398229409,0.12585559082347775,-0.03289130684118366
TW_4467a039e00b,PS_046,PS_048,SplineRidge,CS4,True,,855,1108,739,88,17,0.11907983761840325,0.7102626453300122,0.06494417581660085,0.051743727343889254,0.013200448472711596
TW_4467a039e00b,PS_046,PS_049,SplineRidge,CS4,True,,855,1065,710,505,18,0.7112676056338029,0.7102626453300122,0.059923457569131464,0.05916629622707899,0.0007571613420524759
TW_4467a039e00b,PS_046,PS_050,SplineRidge,CS4,True,,855,1261,841,580,21,0.6896551724137931,0.7102626453300122,0.059843335991481277,0.06272641094368953,-0.002883074952208249
TW_4467a039e00b,PS_046,PS_051,SplineRidge,CS4,True,,855,1120,747,174,19,0.23293172690763053,0.7102626453300122,0.0559947228305033,0.045491991472621965,0.010502731357881337
TW_4467a039e00b,PS_047,PS_042,SplineRidge,CS4,True,,863,1228,819,597,20,0.7289377289377289,0.6973182091302335,0.1805753058385291,0.0808278702617495,0.0997474355767796
TW_4467a039e00b,PS_047,PS_043,SplineRidge,CS4,True,,863,1185,791,271,20,0.34260429835651074,0.6973182091302335,0.12201839089724112,0.06769388970106703,0.05432450119617409
TW_4467a039e00b,PS_047,PS_044,SplineRidge,CS4,True,,863,1252,835,610,21,0.7305389221556886,0.6973182091302335,0.19823641406011253,0.07656428427621732,0.1216721297838952
TW_4467a039e00b,PS_047,PS_045,SplineRidge,CS4,True,,863,1098,732,562,20,0.76775956284153,0.6973182091302335,0.15285723553796166,0.04670197397459635,0.1061552615633653
TW_4467a039e00b,PS_047,PS_046,SplineRidge,CS4,True,,863,855,570,497,16,0.8719298245614036,0.6973182091302335,0.13326229938466522,0.06554290896655704,0.06771939041810818
TW_4467a039e00b,PS_047,PS_048,SplineRidge,CS4,True,,863,1108,739,153,18,0.2070365358592693,0.6973182091302335,0.13599186442991462,0.03581760623554414,0.10017425819437048
TW_4467a039e00b,PS_047,PS_049,SplineRidge,CS4,True,,863,1065,710,523,18,0.7366197183098592,0.6973182091302335,0.17578311169971791,0.059543449195221726,0.11623966250449619
TW_4467a039e00b,PS_047,PS_050,SplineRidge,CS4,True,,863,1261,841,585,21,0.6956004756242569,0.6973182091302335,0.17972616337598382,0.06592923636442122,0.1137969270115626
TW_4467a039e00b,PS_047,PS_051,SplineRidge,CS4,True,,863,1120,747,255,19,0.3413654618473896,0.6973182091302335,0.1318924291292041,0.0462956367966267,0.08559679233257739
TW_4467a039e00b,PS_048,PS_042,SplineRidge,CS4,False,degenerate_iqr:wind_speed_ms,1108,1228,,,,,,,,
TW_4467a039e00b,PS_048,PS_043,SplineRidge,CS4,False,degenerate_iqr:wind_speed_ms,1108,1185,,,,,,,,
TW_4467a039e00b,PS_048,PS_044,SplineRidge,CS4,False,degenerate_iqr:wind_speed_ms,1108,1252,,,,,,,,
TW_4467a039e00b,PS_048,PS_045,SplineRidge,CS4,False,degenerate_iqr:wind_speed_ms,1108,1098,,,,,,,,
TW_4467a039e00b,PS_048,PS_046,SplineRidge,CS4,False,degenerate_iqr:wind_speed_ms,1108,855,,,,,,,,
TW_4467a039e00b,PS_048,PS_047,SplineRidge,CS4,False,degenerate_iqr:wind_speed_ms,1108,863,,,,,,,,
TW_4467a039e00b,PS_048,PS_049,SplineRidge,CS4,False,degenerate_iqr:wind_speed_ms,1108,1065,,,,,,,,
TW_4467a039e00b,PS_048,PS_050,SplineRidge,CS4,False,degenerate_iqr:wind_speed_ms,1108,1261,,,,,,,,
TW_4467a039e00b,PS_048,PS_051,SplineRidge,CS4,False,degenerate_iqr:wind_speed_ms,1108,1120,,,,,,,,
TW_4467a039e00b,PS_049,PS_042,SplineRidge,CS4,True,,1065,1228,819,547,20,0.6678876678876678,0.7347847120392266,0.05735408375101236,0.08111070316612269,-0.023756619415110335
TW_4467a039e00b,PS_049,PS_043,SplineRidge,CS4,True,,1065,1185,791,254,20,0.3211125158027813,0.7347847120392266,0.058387361225101464,0.062178903226055036,-0.0037915420009535725
TW_4467a039e00b,PS_049,PS_044,SplineRidge,CS4,True,,1065,1252,835,554,21,0.6634730538922156,0.7347847120392266,0.09137091128718969,0.07457531098285283,0.016795600304336855
TW_4467a039e00b,PS_049,PS_045,SplineRidge,CS4,True,,1065,1098,732,536,20,0.73224043715847,0.7347847120392266,0.05826743633857175,0.0479470199362791,0.01032041640229265
TW_4467a039e00b,PS_049,PS_046,SplineRidge,CS4,True,,1065,855,570,487,16,0.8543859649122807,0.7347847120392266,0.07208861554215636,0.0630076257548793,0.00908098978727706
TW_4467a039e00b,PS_049,PS_047,SplineRidge,CS4,True,,1065,863,576,433,17,0.7517361111111112,0.7347847120392266,0.10234385801964219,0.11722872460522231,-0.014884866585580123
TW_4467a039e00b,PS_049,PS_048,SplineRidge,CS4,True,,1065,1108,739,109,18,0.14749661705006767,0.7347847120392266,0.04363886555805086,0.036992613568986095,0.0066462519890647664
TW_4467a039e00b,PS_049,PS_050,SplineRidge,CS4,True,,1065,1261,841,607,21,0.7217598097502973,0.7347847120392266,0.07076170318219271,0.06196228995095918,0.008799413231233531
TW_4467a039e00b,PS_049,PS_051,SplineRidge,CS4,True,,1065,1120,747,167,19,0.22356091030789826,0.7347847120392266,0.08800014716506016,0.05287247000187987,0.03512767716318029
TW_4467a039e00b,PS_050,PS_042,SplineRidge,CS4,True,,1261,1228,819,576,20,0.7032967032967034,0.6940363931573086,0.05616339432801216,0.07960630092485024,-0.023442906596838085
TW_4467a039e00b,PS_050,PS_043,SplineRidge,CS4,True,,1261,1185,791,160,20,0.202275600505689,0.6940363931573086,0.057133820541124404,0.06210425158295916,-0.004970431041834755
TW_4467a039e00b,PS_050,PS_044,SplineRidge,CS4,True,,1261,1252,835,599,21,0.7173652694610778,0.6940363931573086,0.09349300918484442,0.0772649747865206,0.01622803439832382
TW_4467a039e00b,PS_050,PS_045,SplineRidge,CS4,True,,1261,1098,732,539,19,0.7363387978142076,0.6940363931573086,0.050167070449192934,0.04577783033942699,0.004389240109765942
TW_4467a039e00b,PS_050,PS_046,SplineRidge,CS4,True,,1261,855,570,517,16,0.9070175438596492,0.6940363931573086,0.07020086500529397,0.06488905812406995,0.0053118068812240266
TW_4467a039e00b,PS_050,PS_047,SplineRidge,CS4,True,,1261,863,576,497,17,0.8628472222222222,0.6940363931573086,0.09359601048312514,0.12065029760348991,-0.02705428712036477
TW_4467a039e00b,PS_050,PS_048,SplineRidge,CS4,True,,1261,1108,739,93,17,0.12584573748308525,0.6940363931573086,0.052636717684109026,0.04318466920379158,0.009452048480317443
TW_4467a039e00b,PS_050,PS_049,SplineRidge,CS4,True,,1261,1065,710,584,18,0.8225352112676056,0.6940363931573086,0.05945953240778821,0.0587643492480679,0.0006951831597203084
TW_4467a039e00b,PS_050,PS_051,SplineRidge,CS4,True,,1261,1120,747,167,17,0.22356091030789826,0.6940363931573086,0.048741517432169604,0.04677975409617793,0.0019617633359916703
TW_4467a039e00b,PS_051,PS_042,SplineRidge,CS4,True,,1120,1228,819,285,20,0.34798534798534797,0.6181692209061189,0.04352743224161827,0.06611328404081945,-0.02258585179920118
TW_4467a039e00b,PS_051,PS_043,SplineRidge,CS4,True,,1120,1185,791,580,20,0.7332490518331226,0.6181692209061189,0.06817186041999407,0.08276732813388475,-0.014595467713890684
TW_4467a039e00b,PS_051,PS_044,SplineRidge,CS4,True,,1120,1252,835,249,20,0.29820359281437125,0.6181692209061189,0.10320825761207357,0.07528057204634717,0.027927685565726404
TW_4467a039e00b,PS_051,PS_045,SplineRidge,CS4,True,,1120,1098,732,196,18,0.2677595628415301,0.6181692209061189,0.0682811075693035,0.06132804703084295,0.006953060538460551
TW_4467a039e00b,PS_051,PS_046,SplineRidge,CS4,True,,1120,855,570,240,16,0.42105263157894735,0.6181692209061189,0.06931843193448198,0.0682941487159278,0.0010242832185541756
TW_4467a039e00b,PS_051,PS_047,SplineRidge,CS4,True,,1120,863,576,190,16,0.3298611111111111,0.6181692209061189,0.07116252975861367,0.06912198633396234,0.0020405434246513338
TW_4467a039e00b,PS_051,PS_048,SplineRidge,CS4,True,,1120,1108,739,97,17,0.13125845737483086,0.6181692209061189,0.03705664043308111,0.03188973112100627,0.0051669093120748355
TW_4467a039e00b,PS_051,PS_049,SplineRidge,CS4,True,,1120,1065,710,190,18,0.2676056338028169,0.6181692209061189,0.06839384985134529,0.0701326793287927,-0.0017388294774474122
TW_4467a039e00b,PS_051,PS_050,SplineRidge,CS4,True,,1120,1261,841,168,20,0.19976218787158145,0.6181692209061189,0.06133585427401099,0.06616419362343315,-0.004828339349422159
TW_88a108921af7,PS_035,PS_039,SplineRidge,CS4,True,,2442,1976,1318,656,37,0.4977238239757208,0.6044395579020004,0.06405581425611068,0.07261988712230821,-0.008564072866197536
TW_88a108921af7,PS_039,PS_035,SplineRidge,CS4,True,,1976,2442,1628,518,42,0.3181818181818182,0.5878897724376636,0.0823293877256329,0.060927197094519034,0.02140219063111387
