group_id,plant_a,plant_b,a_to_b_computable,b_to_a_computable,otg_a_to_b,otg_b_to_a,asymmetry_signed,asymmetry_abs,asymmetry_computable,reason_a_to_b,reason_b_to_a
TW_04b9f5d95694,PS_002,PS_003,True,True,0.0009569717451765741,0.0011998025490371905,-0.0002428308038606164,0.0002428308038606164,True,,
TW_4467a039e00b,PS_042,PS_043,True,True,-0.017054985529941932,0.02282385799882651,-0.03987884352876844,0.03987884352876844,True,,
TW_4467a039e00b,PS_042,PS_044,True,True,0.011274777530608182,0.0006296087209668733,0.010645168809641309,0.010645168809641309,True,,
TW_4467a039e00b,PS_042,PS_045,True,True,-0.008524834471969632,0.0014929881261084438,-0.010017822598078076,0.010017822598078076,True,,
TW_4467a039e00b,PS_042,PS_046,True,True,-0.004843216533139363,-0.010587238995745159,0.005744022462605795,0.005744022462605795,True,,
TW_4467a039e00b,PS_042,PS_047,True,True,-0.0035371479670893505,0.11823485794663127,-0.12177200591372062,0.12177200591372062,True,,
TW_4467a039e00b,PS_042,PS_048,True,False,0.000123874310040753,,,,False,,degenerate_iqr:wind_speed_ms
TW_4467a039e00b,PS_042,PS_049,True,True,-0.002884754831913139,-0.009538453873604733,0.006653699041691594,0.006653699041691594,True,,
TW_4467a039e00b,PS_042,PS_050,True,True,0.002331179954775754,-0.013230633404320673,0.015561813359096427,0.015561813359096427,True,,
TW_4467a039e00b,PS_042,PS_051,True,True,0.02785151845552622,-0.007736320834921373,0.03558783929044759,0.03558783929044759,True,,
TW_4467a039e00b,PS_043,PS_044,True,True,0.04522445857300775,0.0027288394553459383,0.04249561911766181,0.04249561911766181,True,,
TW_4467a039e00b,PS_043,PS_045,True,True,0.015195240447891868,0.00927519189125213,0.0059200485566397384,0.0059200485566397384,True,,
TW_4467a039e00b,PS_043,PS_046,True,True,0.014229621346581393,0.009417230318337189,0.004812391028244205,0.004812391028244205,True,,
TW_4467a039e00b,PS_043,PS_047,True,True,0.03048558545326155,0.06875139928502538,-0.038265813831763834,0.038265813831763834,True,,
TW_4467a039e00b,PS_043,PS_048,True,False,0.013820111613068065,,,,False,,degenerate_iqr:wind_speed_ms
TW_4467a039e00b,PS_043,PS_049,True,True,0.009391758907144818,-0.014728232054464434,0.02411999096160925,0.02411999096160925,True,,
TW_4467a039e00b,PS_043,PS_050,True,True,0.01803926876567121,-0.020052905059231803,0.038092173824903014,0.038092173824903014,True,,
TW_4467a039e00b,PS_043,PS_051,True,True,0.03570076303226996,-0.020486714689908703,0.056187477722178664,0.056187477722178664,True,,
TW_4467a039e00b,PS_044,PS_045,True,True,0.0036192237936387914,0.019229718852109487,-0.015610495058470696,0.015610495058470696,True,,
TW_4467a039e00b,PS_044,PS_046,True,True,0.0039133863461248974,-0.004095805369216318,0.008009191715341216,0.008009191715341216,True,,
TW_4467a039e00b,PS_044,PS_047,True,True,0.0071577689784308035,0.1186737048292433,-0.1115159358508125,0.1115159358508125,True,,
TW_4467a039e00b,PS_044,PS_048,True,False,0.009131841598326293,,,,False,,degenerate_iqr:wind_speed_ms
TW_4467a039e00b,PS_044,PS_049,True,True,0.005280386613518866,0.006361898608261737,-0.0010815119947428717,0.0010815119947428717,True,,
TW_4467a039e00b,PS_044,PS_050,True,True,0.005192983227140013,0.004544655186495772,0.0006483280406442415,0.0006483280406442415,True,,
TW_4467a039e00b,PS_044,PS_051,True,True,0.043140033374770945,0.025727307743394642,0.017412725631376302,0.017412725631376302,True,,
TW_4467a039e00b,PS_045,PS_046,True,True,0.004750100426155618,0.0005852973683572876,0.00416480305779833,0.00416480305779833,True,,
TW_4467a039e00b,PS_045,PS_047,True,True,-0.029810222612715945,0.10737278000357282,-0.13718300261628877,0.13718300261628877,True,,
TW_4467a039e00b,PS_045,PS_048,True,False,0.011835130218339714,,,,False,,degenerate_iqr:wind_speed_ms
TW_4467a039e00b,PS_045,PS_049,True,True,0.005187873056353466,0.005620504664835005,-0.00043263160848153875,0.00043263160848153875,True,,
TW_4467a039e00b,PS_045,PS_050,True,True,0.003812474935823658,0.0010553703250080343,0.0027571046108156236,0.0027571046108156236,True,,
TW_4467a039e00b,PS_045,PS_051,True,True,0.031137410707577397,0.006200780150080076,0.02493663055749732,0.02493663055749732,True,,
TW_4467a039e00b,PS_046,PS_047,True,True,-0.0397182861422483,0.06429817903246841,-0.10401646517471672,0.10401646517471672,True,,
TW_4467a039e00b,PS_046,PS_048,True,False,0.008756843000090206,,,,False,,degenerate_iqr:wind_speed_ms
TW_4467a039e00b,PS_046,PS_049,True,True,0.010210397068968896,0.0071416636224147095,0.0030687334465541866,0.0030687334465541866,True,,
TW_4467a039e00b,PS_046,PS_050,True,True,0.002475850877267316,0.0005212534471596281,0.001954597430107688,0.001954597430107688,True,,
TW_4467a039e00b,PS_046,PS_051,True,True,0.021626927752497353,-0.001608455085044827,0.02323538283754218,0.02323538283754218,True,,
TW_4467a039e00b,PS_047,PS_048,True,False,0.08546893876819055,,,,False,,degenerate_iqr:wind_speed_ms
TW_4467a039e00b,PS_047,PS_049,True,True,0.1118111049686951,-0.017016244994608992,0.12882734996330408,0.12882734996330408,True,,
TW_4467a039e00b,PS_047,PS_050,True,True,0.1148626912301649,-0.03700034205493366,0.15186303328509856,0.15186303328509856,True,,
TW_4467a039e00b,PS_047,PS_051,True,True,0.1065666629733675,0.011885317316794146,0.09468134565657335,0.09468134565657335,True,,
TW_4467a039e00b,PS_048,PS_049,False,True,,0.010044521111434682,,,False,degenerate_iqr:wind_speed_ms,
TW_4467a039e00b,PS_048,PS_050,False,True,,0.009320568677168455,,,False,degenerate_iqr:wind_speed_ms,
TW_4467a039e00b,PS_048,PS_051,False,True,,0.007179306862026454,,,False,degenerate_iqr:wind_speed_ms,
TW_4467a039e00b,PS_049,PS_050,True,True,0.006793773823267998,0.0037625795021312483,0.00303119432113675,0.00303119432113675,True,,
TW_4467a039e00b,PS_049,PS_051,True,True,0.016301774762073354,-0.0019550935888232104,0.018256868350896564,0.018256868350896564,True,,
TW_4467a039e00b,PS_050,PS_051,True,True,0.007650574427969972,0.002995858143534251,0.004654716284435721,0.004654716284435721,True,,
TW_88a108921af7,PS_035,PS_039,True,True,-0.013253571979140621,-0.0045877041055881335,-0.008665867873552488,0.008665867873552488,True,,
