target_plant_id,twin_source_plant_id,control_source_plant_id,computable,n_pairwise,otg_twin,otg_control,delta,support_alignment
PS_002,PS_003,PS_007,True,2185,0.00019870268287961595,0.026370345481372952,0.026171642798493336,B_PAIRWISE_INTERSECTION
PS_003,PS_002,PS_007,True,2165,0.0011288526956705833,0.034360658027721425,0.03323180533205084,B_PAIRWISE_INTERSECTION
PS_035,PS_039,PS_008,True,396,0.0032002647056090516,-0.018036603866721873,-0.021236868572330925,B_PAIRWISE_INTERSECTION
PS_039,PS_035,PS_008,True,636,-0.0110514044652964,-0.011139719491273209,-8.831502597680951e-05,B_PAIRWISE_INTERSECTION
PS_042,PS_043,PS_005,True,62,0.011203941843867506,0.0377901135056237,0.026586171661756197,B_PAIRWISE_INTERSECTION
PS_042,PS_044,PS_005,True,101,-0.004600810608659266,0.05760106850713308,0.06220187911579234,B_PAIRWISE_INTERSECTION
PS_042,PS_045,PS_005,True,66,0.01534012983815166,0.04614100105835884,0.03080087122020718,B_PAIRWISE_INTERSECTION
PS_042,PS_046,PS_005,True,55,0.007686325577203258,0.03956893817704096,0.031882612599837705,B_PAIRWISE_INTERSECTION
PS_042,PS_047,PS_005,True,99,0.0768502039247634,0.05740160154195431,-0.019448602382809085,B_PAIRWISE_INTERSECTION
PS_042,PS_048,PS_005,False,0,,,,
PS_042,PS_049,PS_005,True,101,-0.013715500166393661,0.043459676513457994,0.057175176679851655,B_PAIRWISE_INTERSECTION
PS_042,PS_050,PS_005,True,108,-0.019507731448685638,0.04975590483221134,0.06926363628089698,B_PAIRWISE_INTERSECTION
PS_042,PS_051,PS_005,True,57,-0.004412135795953724,0.04880850439675079,0.05322064019270451,B_PAIRWISE_INTERSECTION
PS_043,PS_042,PS_005,True,120,-0.029316703918728218,0.04352285589798065,0.07283955981670887,B_PAIRWISE_INTERSECTION
PS_043,PS_044,PS_005,True,64,-0.005039247617836834,0.020357470703017064,0.025396718320853898,B_PAIRWISE_INTERSECTION
PS_043,PS_045,PS_005,True,21,0.049074266118666825,0.009149252492516032,-0.03992501362615079,B_PAIRWISE_INTERSECTION
PS_043,PS_046,PS_005,True,31,0.009010779075232914,0.025397863296550832,0.01638708422131792,B_PAIRWISE_INTERSECTION
PS_043,PS_047,PS_005,True,84,0.06880107229982133,0.04396923480614964,-0.024831837493671682,B_PAIRWISE_INTERSECTION
PS_043,PS_048,PS_005,False,0,,,,
PS_043,PS_049,PS_005,True,112,-0.03281502059742492,0.05040169211669025,0.08321671271411518,B_PAIRWISE_INTERSECTION
PS_043,PS_050,PS_005,True,92,-0.034543099676807236,0.03694082000524351,0.07148391968205076,B_PAIRWISE_INTERSECTION
PS_043,PS_051,PS_005,True,74,-0.0296724163086709,0.04044483141962313,0.07011724772829403,B_PAIRWISE_INTERSECTION
PS_044,PS_042,PS_005,True,64,0.017277467050636756,0.03646439326163369,0.019186926210996935,B_PAIRWISE_INTERSECTION
PS_044,PS_043,PS_005,True,38,0.04936454066080781,0.016116311597385025,-0.033248229063422785,B_PAIRWISE_INTERSECTION
PS_044,PS_045,PS_005,True,83,0.03548372125245865,0.06849835187065242,0.03301463061819378,B_PAIRWISE_INTERSECTION
PS_044,PS_046,PS_005,True,64,0.016823881561572884,0.04836677955768984,0.03154289799611695,B_PAIRWISE_INTERSECTION
PS_044,PS_047,PS_005,True,102,0.072114880634954,0.0513579715353225,-0.0207569090996315,B_PAIRWISE_INTERSECTION
PS_044,PS_048,PS_005,False,0,,,,
PS_044,PS_049,PS_005,True,111,0.017585342674617366,0.057525203882735534,0.03993986120811817,B_PAIRWISE_INTERSECTION
PS_044,PS_050,PS_005,True,128,0.003331235961861481,0.0577530452529848,0.05442180929112332,B_PAIRWISE_INTERSECTION
PS_044,PS_051,PS_005,True,47,0.033649154562944074,0.03090522812248394,-0.0027439264404601343,B_PAIRWISE_INTERSECTION
PS_048,PS_042,PS_005,True,55,-7.448297946260896e-05,0.10266828023365823,0.10274276321312084,B_PAIRWISE_INTERSECTION
PS_048,PS_043,PS_005,True,44,0.008951255833324342,0.0818857989711997,0.07293454313787535,B_PAIRWISE_INTERSECTION
PS_048,PS_044,PS_005,True,58,0.018835030225449495,0.09503393339739342,0.07619890317194393,B_PAIRWISE_INTERSECTION
PS_048,PS_045,PS_005,True,39,0.014113868168235386,0.08962765075216847,0.07551378258393308,B_PAIRWISE_INTERSECTION
PS_048,PS_046,PS_005,True,20,0.017190397534714297,0.080706753053476,0.0635163555187617,B_PAIRWISE_INTERSECTION
PS_048,PS_047,PS_005,True,28,0.09954172195313865,0.09159766972789726,-0.007944052225241388,B_PAIRWISE_INTERSECTION
PS_048,PS_049,PS_005,True,26,0.005830332898484055,0.07359093636264677,0.06776060346416271,B_PAIRWISE_INTERSECTION
PS_048,PS_050,PS_005,True,33,0.004041976786258974,0.07569575076821734,0.07165377398195837,B_PAIRWISE_INTERSECTION
PS_048,PS_051,PS_005,True,38,0.010234858427576737,0.09886640838841315,0.08863154996083641,B_PAIRWISE_INTERSECTION
PS_049,PS_042,PS_005,True,33,-0.0113485987186661,0.005122994921999774,0.016471593640665874,B_PAIRWISE_INTERSECTION
PS_049,PS_043,PS_005,True,26,0.008595103268633206,-0.0028430267632624517,-0.011438130031895657,B_PAIRWISE_INTERSECTION
PS_049,PS_044,PS_005,True,86,0.005571356629869066,0.0919342313796289,0.08636287474975984,B_PAIRWISE_INTERSECTION
PS_049,PS_045,PS_005,True,90,0.012486782177314304,0.10536361146428729,0.09287682928697298,B_PAIRWISE_INTERSECTION
PS_049,PS_046,PS_005,True,68,0.020586575029399756,0.082467740619449,0.06188116559004925,B_PAIRWISE_INTERSECTION
PS_049,PS_047,PS_005,True,82,0.09930073775212697,0.06708356850219382,-0.03221716924993315,B_PAIRWISE_INTERSECTION
PS_049,PS_048,PS_005,False,0,,,,
PS_049,PS_050,PS_005,True,104,-0.0029144423143625114,0.0739297944908451,0.0768442368052076,B_PAIRWISE_INTERSECTION
PS_049,PS_051,PS_005,True,25,-0.002362947024282816,0.02635674372989316,0.028719690754175978,B_PAIRWISE_INTERSECTION
PS_050,PS_042,PS_005,True,21,-0.003481565145076658,0.0338166106061169,0.037298175751193555,B_PAIRWISE_INTERSECTION
PS_050,PS_043,PS_005,True,13,0.03637467067489084,0.006441518388298005,-0.029933152286592837,B_PAIRWISE_INTERSECTION
PS_050,PS_044,PS_005,True,46,0.009843568696306752,0.06053713718787749,0.05069356849157074,B_PAIRWISE_INTERSECTION
PS_050,PS_045,PS_005,True,50,0.030765427987216334,0.06704735630756853,0.036281928320352194,B_PAIRWISE_INTERSECTION
PS_050,PS_046,PS_005,True,34,0.011267269175835024,0.06513923444901792,0.0538719652731829,B_PAIRWISE_INTERSECTION
PS_050,PS_047,PS_005,True,53,0.07603488746819675,0.06294037094709995,-0.013094516521096805,B_PAIRWISE_INTERSECTION
PS_050,PS_048,PS_005,False,0,,,,
PS_050,PS_049,PS_005,True,55,0.02053321501962007,0.05311231738977273,0.03257910237015266,B_PAIRWISE_INTERSECTION
PS_050,PS_051,PS_005,True,18,-0.008282513963664653,0.045028516893535334,0.05331103085719999,B_PAIRWISE_INTERSECTION
