group_id,source_plant_id,target_plant_id,cs4_computable,reason,n_eligible_target_test,n_supported,support_retention,predictions_generated
TW_04b9f5d95694,PS_002,PS_003,True,,3374,3199,0.9481327800829875,True
TW_04b9f5d95694,PS_003,PS_002,True,,3527,3337,0.9461298554011908,True
TW_4467a039e00b,PS_042,PS_043,True,,791,614,0.7762326169405815,True
TW_4467a039e00b,PS_042,PS_044,True,,835,405,0.48502994011976047,True
TW_4467a039e00b,PS_042,PS_045,True,,732,195,0.26639344262295084,True
TW_4467a039e00b,PS_042,PS_046,True,,570,300,0.5263157894736842,True
TW_4467a039e00b,PS_042,PS_047,True,,576,171,0.296875,True
TW_4467a039e00b,PS_042,PS_048,True,,739,167,0.2259810554803789,True
TW_4467a039e00b,PS_042,PS_049,True,,710,145,0.20422535211267606,True
TW_4467a039e00b,PS_042,PS_050,True,,841,124,0.14744351961950058,True
TW_4467a039e00b,PS_042,PS_051,True,,747,535,0.7161981258366801,True
TW_4467a039e00b,PS_043,PS_042,True,,819,211,0.2576312576312576,True
TW_4467a039e00b,PS_043,PS_044,True,,835,220,0.2634730538922156,True
TW_4467a039e00b,PS_043,PS_045,True,,732,148,0.20218579234972678,True
TW_4467a039e00b,PS_043,PS_046,True,,570,149,0.2614035087719298,True
TW_4467a039e00b,PS_043,PS_047,True,,576,97,0.1684027777777778,True
TW_4467a039e00b,PS_043,PS_048,True,,739,154,0.2083897158322057,True
TW_4467a039e00b,PS_043,PS_049,True,,710,105,0.14788732394366197,True
TW_4467a039e00b,PS_043,PS_050,True,,841,69,0.08204518430439953,True
TW_4467a039e00b,PS_043,PS_051,True,,747,411,0.5502008032128514,True
TW_4467a039e00b,PS_044,PS_042,True,,819,578,0.7057387057387058,True
TW_4467a039e00b,PS_044,PS_043,True,,791,389,0.4917825537294564,True
TW_4467a039e00b,PS_044,PS_045,True,,732,429,0.5860655737704918,True
TW_4467a039e00b,PS_044,PS_046,True,,570,458,0.8035087719298246,True
TW_4467a039e00b,PS_044,PS_047,True,,576,312,0.5416666666666666,True
TW_4467a039e00b,PS_044,PS_048,True,,739,305,0.41271989174560214,True
TW_4467a039e00b,PS_044,PS_049,True,,710,402,0.5661971830985916,True
TW_4467a039e00b,PS_044,PS_050,True,,841,424,0.5041617122473246,True
TW_4467a039e00b,PS_044,PS_051,True,,747,326,0.4364123159303882,True
TW_4467a039e00b,PS_045,PS_042,True,,819,485,0.5921855921855922,True
TW_4467a039e00b,PS_045,PS_043,True,,791,207,0.26169405815423513,True
TW_4467a039e00b,PS_045,PS_044,True,,835,451,0.5401197604790419,True
TW_4467a039e00b,PS_045,PS_046,True,,570,470,0.8245614035087719,True
TW_4467a039e00b,PS_045,PS_047,True,,576,417,0.7239583333333334,True
TW_4467a039e00b,PS_045,PS_048,True,,739,170,0.23004059539918809,True
TW_4467a039e00b,PS_045,PS_049,True,,710,521,0.7338028169014085,True
TW_4467a039e00b,PS_045,PS_050,True,,841,586,0.6967895362663495,True
TW_4467a039e00b,PS_045,PS_051,True,,747,250,0.33467202141900937,True
TW_4467a039e00b,PS_046,PS_042,True,,819,472,0.5763125763125763,True
TW_4467a039e00b,PS_046,PS_043,True,,791,286,0.3615676359039191,True
TW_4467a039e00b,PS_046,PS_044,True,,835,463,0.5544910179640719,True
TW_4467a039e00b,PS_046,PS_045,True,,732,502,0.6857923497267759,True
TW_4467a039e00b,PS_046,PS_047,True,,576,425,0.7378472222222222,True
TW_4467a039e00b,PS_046,PS_048,True,,739,82,0.11096075778078485,True
TW_4467a039e00b,PS_046,PS_049,True,,710,484,0.6816901408450704,True
TW_4467a039e00b,PS_046,PS_050,True,,841,573,0.6813317479191439,True
TW_4467a039e00b,PS_046,PS_051,True,,747,294,0.39357429718875503,True
TW_4467a039e00b,PS_047,PS_042,True,,819,586,0.7155067155067155,True
TW_4467a039e00b,PS_047,PS_043,True,,791,298,0.37673830594184576,True
TW_4467a039e00b,PS_047,PS_044,True,,835,571,0.6838323353293413,True
TW_4467a039e00b,PS_047,PS_045,True,,732,548,0.7486338797814208,True
TW_4467a039e00b,PS_047,PS_046,True,,570,487,0.8543859649122807,True
TW_4467a039e00b,PS_047,PS_048,True,,739,132,0.17861975642760486,True
TW_4467a039e00b,PS_047,PS_049,True,,710,477,0.671830985915493,True
TW_4467a039e00b,PS_047,PS_050,True,,841,536,0.6373365041617123,True
TW_4467a039e00b,PS_047,PS_051,True,,747,319,0.42704149933065594,True
TW_4467a039e00b,PS_048,PS_042,False,degenerate_iqr:wind_speed_ms,819,,,False
TW_4467a039e00b,PS_048,PS_043,False,degenerate_iqr:wind_speed_ms,791,,,False
TW_4467a039e00b,PS_048,PS_044,False,degenerate_iqr:wind_speed_ms,835,,,False
TW_4467a039e00b,PS_048,PS_045,False,degenerate_iqr:wind_speed_ms,732,,,False
TW_4467a039e00b,PS_048,PS_046,False,degenerate_iqr:wind_speed_ms,570,,,False
TW_4467a039e00b,PS_048,PS_047,False,degenerate_iqr:wind_speed_ms,576,,,False
TW_4467a039e00b,PS_048,PS_049,False,degenerate_iqr:wind_speed_ms,710,,,False
TW_4467a039e00b,PS_048,PS_050,False,degenerate_iqr:wind_speed_ms,841,,,False
TW_4467a039e00b,PS_048,PS_051,False,degenerate_iqr:wind_speed_ms,747,,,False
TW_4467a039e00b,PS_049,PS_042,True,,819,580,0.7081807081807082,True
TW_4467a039e00b,PS_049,PS_043,True,,791,398,0.5031605562579013,True
TW_4467a039e00b,PS_049,PS_044,True,,835,588,0.704191616766467,True
TW_4467a039e00b,PS_049,PS_045,True,,732,555,0.7581967213114754,True
TW_4467a039e00b,PS_049,PS_046,True,,570,516,0.9052631578947369,True
TW_4467a039e00b,PS_049,PS_047,True,,576,428,0.7430555555555556,True
TW_4467a039e00b,PS_049,PS_048,True,,739,162,0.21921515561569688,True
TW_4467a039e00b,PS_049,PS_050,True,,841,587,0.6979785969084423,True
TW_4467a039e00b,PS_049,PS_051,True,,747,262,0.3507362784471218,True
TW_4467a039e00b,PS_050,PS_042,True,,819,603,0.7362637362637363,True
TW_4467a039e00b,PS_050,PS_043,True,,791,472,0.5967130214917825,True
TW_4467a039e00b,PS_050,PS_044,True,,835,631,0.755688622754491,True
TW_4467a039e00b,PS_050,PS_045,True,,732,573,0.7827868852459017,True
TW_4467a039e00b,PS_050,PS_046,True,,570,536,0.9403508771929825,True
TW_4467a039e00b,PS_050,PS_047,True,,576,502,0.8715277777777778,True
TW_4467a039e00b,PS_050,PS_048,True,,739,156,0.21109607577807848,True
TW_4467a039e00b,PS_050,PS_049,True,,710,568,0.8,True
TW_4467a039e00b,PS_050,PS_051,True,,747,404,0.5408299866131191,True
TW_4467a039e00b,PS_051,PS_042,True,,819,201,0.2454212454212454,True
TW_4467a039e00b,PS_051,PS_043,True,,791,504,0.6371681415929203,True
TW_4467a039e00b,PS_051,PS_044,True,,835,179,0.21437125748502994,True
TW_4467a039e00b,PS_051,PS_045,True,,732,157,0.21448087431693988,True
TW_4467a039e00b,PS_051,PS_046,True,,570,185,0.32456140350877194,True
TW_4467a039e00b,PS_051,PS_047,True,,576,156,0.2708333333333333,True
TW_4467a039e00b,PS_051,PS_048,True,,739,83,0.11231393775372124,True
TW_4467a039e00b,PS_051,PS_049,True,,710,166,0.23380281690140844,True
TW_4467a039e00b,PS_051,PS_050,True,,841,133,0.1581450653983353,True
TW_88a108921af7,PS_035,PS_039,True,,1318,736,0.5584218512898331,True
TW_88a108921af7,PS_039,PS_035,True,,1628,673,0.4133906633906634,True
