group_id,source_plant_id,target_plant_id,computable,n_validation_supported,n_test_supported,offset_eligible,affine_eligible,affine_reason,delta,a,b,otg_0,otg_1,otg_2,delta_otg_offset,delta_otg_affine,transfer_mae_0,transfer_mae_1,transfer_mae_2,local_mae,mbe_0,mbe_1,mbe_2,centered_mae_0,centered_mae_1,support_retention,primary_otg
TW_04b9f5d95694,PS_002,PS_003,True,2401,3199,True,True,,-0.027440514381220138,0.0023536616423079793,0.9434935724880746,0.0009569717451765741,0.01438801756259056,0.01240751118557791,-0.013431045817413986,-0.011450539440401336,0.05712021276954138,0.07055125858695536,0.06857075220994271,0.056163241024364804,0.0027249032115379073,-0.024715611169682235,-0.023965386945459136,0.05784850479905796,0.05784850479905796,0.9481327800829875,0.0009569717451765741
TW_04b9f5d95694,PS_003,PS_002,True,2607,3337,True,True,,-0.0030277823950876823,-0.0015172811712791056,0.996997796825524,0.0011998025490371905,0.0018748739101837608,0.0018654827989903477,-0.0006750713611465703,-0.0006656802499531572,0.06741297343141281,0.06808804479255938,0.06807865368136597,0.06621317088237562,0.00827401510057277,0.005246232705485072,0.005197015469517028,0.06969044667123998,0.06969044667123998,0.9461298554011908,0.0011998025490371905
TW_4467a039e00b,PS_042,PS_043,True,560,614,True,True,,0.027402493349015244,0.0019794170656441045,1.0399376985208633,-0.017054985529941932,-0.0221874343070326,-0.024947502828822653,0.005132448777090667,0.00789251729888072,0.06785118684462539,0.06271873806753472,0.05995866954574467,0.08490617237456732,-0.027178548220569615,0.00022394512844561742,0.001280962998119339,0.06271666617862041,0.06271666617862041,0.7762326169405815,-0.017054985529941932
TW_4467a039e00b,PS_042,PS_044,True,445,405,True,True,,0.016479863899643458,-0.03611314628520398,1.0830367583357732,0.011274777530608182,0.0062957615639631925,-0.001957542571430021,0.00497901596664499,0.013232320102038203,0.08809958786039605,0.08312057189375106,0.07486726775835785,0.07682481032978787,-0.02116583095090602,-0.0046859670512625256,-0.0034179735644907596,0.08202449355575567,0.08202449355575567,0.48502994011976047,0.011274777530608182
TW_4467a039e00b,PS_042,PS_045,True,205,195,True,True,,0.005295446832682589,0.0010110508799715217,1.0102548292764904,-0.008524834471969632,-0.009370165419568671,-0.009813370511750089,0.0008453309475990392,0.0012885360397804566,0.05652545741052544,0.0556801264629264,0.055236921370744985,0.06505029188249507,-0.0031963832383280597,0.0020990635943545243,0.0016517127526425813,0.0559156287499755,0.0559156287499755,0.26639344262295084,-0.008524834471969632
TW_4467a039e00b,PS_042,PS_046,True,324,300,True,True,,0.0036499676859896206,0.005382303755374048,0.9958395394950234,-0.004843216533139363,-0.005321771661217181,-0.005228164470413077,0.00047855512807781775,0.00038494793727371357,0.06367957148815513,0.06320101636007731,0.06329462355088142,0.0685227880212945,-0.008958411597549428,-0.005308443911559826,-0.0055461425265933674,0.06296498404449696,0.06296498404449696,0.5263157894736842,-0.004843216533139363
TW_4467a039e00b,PS_042,PS_047,True,293,171,True,True,,-0.0736453895801198,0.010306996291186407,0.7849676983936873,-0.0035371479670893505,0.0045644035522118265,-0.002954644197425131,-0.008101551519301177,-0.0005825037696642194,0.059840523596807214,0.06794207511610839,0.060423027366471434,0.06337767156389656,0.0318717645995813,-0.0417736249805385,-0.03487162882551832,0.0548650965349077,0.05486509653490771,0.296875,-0.0035371479670893505
TW_4467a039e00b,PS_042,PS_048,True,141,167,True,True,,0.02825850049968009,0.02138124194996196,1.0205259870807784,0.000123874310040753,0.009671950769534879,0.00914358029952251,-0.009548076459494126,-0.009019705989481756,0.0316825504910523,0.041230626950546426,0.040702256480534056,0.03155867618101155,-0.0033491294386034016,0.024909371061076678,0.024650022295083434,0.03127275133653346,0.03127275133653346,0.2259810554803789,0.000123874310040753
TW_4467a039e00b,PS_042,PS_049,True,123,145,True,True,,0.032865195704410266,0.013306452088646538,1.050379411860019,-0.002884754831913139,0.002913968419158322,0.0008753268990531471,-0.005798723251071461,-0.003760081730966286,0.07559855600449836,0.08139727925556982,0.07935863773546464,0.0784833108364115,-0.010362458976769686,0.02250273672764058,0.023687942562594322,0.07510911783651653,0.07510911783651653,0.20422535211267606,-0.002884754831913139
TW_4467a039e00b,PS_042,PS_050,True,119,124,True,True,,0.04517892004557584,0.029673222478725884,1.0417755247186529,0.002331179954775754,0.008623185498286716,0.008185990451390089,-0.006292005543510962,-0.005854810496614335,0.06071314448028148,0.06700515002379244,0.06656795497689581,0.058381964525505724,-0.026321977734250677,0.018856942311325176,0.019683550974576226,0.06169854563989025,0.06169854563989025,0.14744351961950058,0.002331179954775754
TW_4467a039e00b,PS_042,PS_051,True,519,535,True,True,,0.026335120220289176,-0.008722905548865753,1.0668418074115111,0.02785151845552622,0.016089745560062513,0.006742689537621652,0.011761772895463707,0.021108828917904568,0.09408145658846247,0.08231968369299876,0.0729726276705579,0.06622993813293625,-0.03179051510705065,-0.005455394886761481,0.006687761129803935,0.08040363751460346,0.08040363751460346,0.7161981258366801,0.02785151845552622
TW_4467a039e00b,PS_043,PS_042,True,452,211,True,True,,0.05670373416590881,0.00890338499778465,1.088033018789648,0.02282385799882651,0.0384023355057479,0.02431636473324389,-0.015578477506921387,-0.0014925067344173787,0.07320280781483178,0.08878128532175317,0.07469531454924916,0.05037894981600527,-0.016811966568789007,0.039891767597119786,0.034374275340923764,0.0765471546800338,0.07654715468003383,0.2576312576312576,0.02282385799882651
TW_4467a039e00b,PS_043,PS_044,True,237,220,True,True,,0.00019645909842626829,-0.11749356181656158,1.2048115428796478,0.04522445857300775,0.04520659865496901,0.01848739676957202,1.785991803873732e-05,0.026737061803435727,0.11950140220663368,0.11948354228859494,0.09276434040319795,0.07427694363362593,-0.026257460500649997,-0.02606100140222374,-0.02324368971724619,0.1178423083036263,0.11784230830362631,0.2634730538922156,0.04522445857300775
TW_4467a039e00b,PS_043,PS_045,True,148,148,True,True,,-0.037147311226856494,-0.04964032410631245,1.0373114463593003,0.015195240447891868,0.005111871892079456,0.00333138677273892,0.010083368555812412,0.011863853675152948,0.06967489669765302,0.059591528141840606,0.05781104302250007,0.05447965624976115,0.03268696134794913,-0.004460349878907364,-0.0034425009089648043,0.05979299734648044,0.05979299734648044,0.20218579234972678,0.015195240447891868
TW_4467a039e00b,PS_043,PS_046,True,226,149,True,True,,-0.035159768576828926,-0.06598377530791587,1.0909990343856035,0.014229621346581393,0.0006571007023731187,-0.00174234379561021,0.013572520644208275,0.015971965142191603,0.07487211899233291,0.06129959834812464,0.05890015385014131,0.06064249764575152,0.014737074358870847,-0.02042269421795807,-0.015300007057482592,0.0675771369869421,0.0675771369869421,0.2614035087719298,0.014229621346581393
TW_4467a039e00b,PS_043,PS_047,True,194,97,True,True,,-0.09518850241872648,-0.039499466219849295,0.8372303556894906,0.03048558545326155,0.00689486247131707,0.0009358417470882036,0.02359072298194448,0.029549743706173345,0.07971405226987535,0.05612332928793087,0.050164308563702006,0.0492284668166138,0.05958445872327727,-0.03560404369544921,-0.03165293899327579,0.0506749979842412,0.0506749979842412,0.1684027777777778,0.03048558545326155
TW_4467a039e00b,PS_043,PS_048,True,128,154,True,True,,0.006992946782902593,-0.03368223740247314,1.1344711917827235,0.013820111613068065,0.01846493083705031,0.017250435803298568,-0.004644819223982244,-0.0034303241902305034,0.04095640257243356,0.045601221796415806,0.044386726762664065,0.027136290959365497,0.02840371749483194,0.03539666427773454,0.03347065898128265,0.03376964925702221,0.0337696492570222,0.2083897158322057,0.013820111613068065
TW_4467a039e00b,PS_043,PS_049,True,100,105,True,True,,0.0021713931829556742,-0.029674218620024423,1.0887806491523004,0.009391758907144818,0.010363715855705932,0.007692685455471596,-0.0009719569485611146,0.001699073451673222,0.07299013001897516,0.07396208696753627,0.07129105656730193,0.06359837111183034,0.0045536660197490865,0.006725059202704759,0.007112959154400729,0.07099539543084518,0.07099539543084518,0.14788732394366197,0.009391758907144818
TW_4467a039e00b,PS_043,PS_050,True,73,69,True,True,,-0.026483670341972004,-0.05661223864950715,1.106171898222333,0.01803926876567121,0.007059552682831018,0.006564137868029105,0.010979716082840194,0.011475130897642107,0.0717641996830388,0.06078448360019861,0.0602890687853967,0.053724930917367596,0.016133547201249814,-0.010350123140722183,-0.009459390303061503,0.06439054175405559,0.06439054175405559,0.08204518430439953,0.01803926876567121
TW_4467a039e00b,PS_043,PS_051,True,394,411,True,True,,-0.022298287921197486,-0.1047325098788731,1.1387450239887131,0.03570076303226996,0.04162730139335748,0.024444196223187165,-0.005926538361087516,0.011256566809082796,0.11149055719659673,0.11741709555768425,0.10023399038751393,0.07578979416432677,-0.004438162946029821,-0.0267364508672273,-0.005025507964881481,0.11064827509006757,0.11064827509006757,0.5502008032128514,0.03570076303226996
TW_4467a039e00b,PS_044,PS_042,True,619,578,True,True,,0.05495861141597879,0.0726228596457625,0.9715849032552912,0.0006296087209668733,-0.02034867922414936,-0.01948458695994685,0.020978287945116234,0.020114195680913723,0.062307519610275794,0.04132923166515956,0.04219332392936207,0.06167791088930892,-0.04580660835300417,0.009152003062974624,0.0087124555242443,0.0411573401725138,0.0411573401725138,0.7057387057387058,0.0006296087209668733
TW_4467a039e00b,PS_044,PS_043,True,363,389,True,True,,0.0682845790461766,0.07875250322168087,0.9808601490088472,0.0027288394553459383,-0.022726170856680578,-0.020985735226337482,0.025455010312026516,0.02371457468168342,0.07914031616886597,0.05368530585683945,0.055425741487182545,0.07641147671352003,-0.06061352383949042,0.007671055206686171,0.006964406775381995,0.0527861110567002,0.0527861110567002,0.4917825537294564,0.0027288394553459383
TW_4467a039e00b,PS_044,PS_045,True,424,429,True,True,,0.0025980492834418944,0.04121129410498306,0.9402664228645935,0.0036192237936387914,0.0040233420129919956,0.005809813957413507,-0.0004041182193532042,-0.002190590163774715,0.05065660050477117,0.051060718724124377,0.05284719066854589,0.04703737671113238,0.014158867165169137,0.016756916448611013,0.018361489635693836,0.05081330136414147,0.05081330136414147,0.5860655737704918,0.0036192237936387914
TW_4467a039e00b,PS_044,PS_046,True,462,458,True,True,,-0.01818332451852644,-0.019429427715871715,1.0022015207830572,0.0039133863461248974,0.0028705170444243144,0.0028533765022905333,0.001042869301700583,0.0010600098438343641,0.0684385128181217,0.06739564351642112,0.06737850297428734,0.0645251264719968,0.020049632082119885,0.0018663075635934386,0.0019583057364919304,0.06752209830431245,0.06752209830431245,0.8035087719298246,0.0039133863461248974
TW_4467a039e00b,PS_044,PS_047,True,461,312,True,True,,-0.1268456450155512,0.002348874239027733,0.7700661344139721,0.0071577689784308035,0.01016434053537743,-0.005669389830907007,-0.0030065715569466273,0.01282715880933781,0.10493352214537541,0.10794009370232203,0.0921063633360376,0.0977757531669446,0.07505797109281796,-0.051787673922733216,-0.05438398948605707,0.09402701017040038,0.09402701017040041,0.5416666666666666,0.0071577689784308035
TW_4467a039e00b,PS_044,PS_048,True,241,305,True,True,,0.046251628437622753,0.05581772471542572,0.9778737033740296,0.009131841598326293,0.01291528450848689,0.012986485735141058,-0.0037834429101605976,-0.003854644136814765,0.054156077108248865,0.05793952001840946,0.05801072124506363,0.04502423550992257,-0.020326879093706996,0.02592474934391576,0.02566045929494685,0.05111988546692987,0.05111988546692986,0.41271989174560214,0.009131841598326293
TW_4467a039e00b,PS_044,PS_049,True,363,402,True,True,,0.030758938500232643,0.04909659047929366,0.9735438196139566,0.005280386613518866,0.006040760704213048,0.006114579188829426,-0.0007603740906941825,-0.0008341925753105606,0.06380955595983687,0.06456993005053105,0.06464374853514743,0.058529169346318,-0.010313358754923792,0.020445579745308813,0.021421640551108227,0.0625641490232849,0.0625641490232849,0.5661971830985916,0.005280386613518866
TW_4467a039e00b,PS_044,PS_050,True,454,424,True,True,,0.0036991422454156447,0.07889224979853576,0.898338821326036,0.005192983227140013,0.005564855190163531,0.005133441471255391,-0.0003718719630235179,5.9541755884622016e-05,0.06207899670090344,0.062450868663926955,0.062019454945018815,0.056886013473763423,0.011391067689696001,0.015090209935111665,0.020100173202313706,0.06186261009674774,0.06186261009674774,0.5041617122473246,0.005192983227140013
TW_4467a039e00b,PS_044,PS_051,True,300,326,True,True,,0.04735472604930875,0.005885801517357518,1.0983778747710309,0.043140033374770945,0.015831116444638263,-0.00196198000095614,0.02730891693013268,0.045102013375727085,0.11214303448568766,0.08483411755555498,0.06704102110996057,0.06900300111091671,-0.05407529035950871,-0.006720564310199919,0.016040895620574615,0.08212198198435178,0.08212198198435176,0.4364123159303882,0.043140033374770945
TW_4467a039e00b,PS_045,PS_042,True,495,485,True,True,,0.02815057683470995,-0.03160224955299065,1.0997186926999765,0.0014929881261084438,-0.008173085723099355,-0.01774919949721703,0.009666073849207799,0.019242187623325475,0.06404924775655335,0.05438317390734555,0.044807060133227876,0.06255625963044491,-0.02484865687336318,0.0033019199613467565,0.009891449750314842,0.05521480021577157,0.05521480021577158,0.5921855921855922,0.0014929881261084438
TW_4467a039e00b,PS_045,PS_043,True,213,207,True,True,,-0.01588992066877172,-0.03051527093691714,1.037991798736319,0.00927519189125213,0.0032179843712380196,0.00320794627527074,0.00605720752001411,0.00606724561598139,0.06873454652633096,0.06267733900631685,0.06266730091034957,0.05945935463507883,0.02173225010987298,0.005842329441101276,0.007712317074571378,0.06120803566938046,0.06120803566938046,0.26169405815423513,0.00927519189125213
TW_4467a039e00b,PS_045,PS_044,True,507,451,True,True,,0.02023381102597676,-0.07637854438208802,1.1459300177515428,0.019229718852109487,0.014870786778466025,0.002131811653394877,0.004358932073643462,0.01709790719871461,0.09581380523647272,0.09145487316282926,0.07871589803775811,0.07658408638436323,-0.009437195827080793,0.010796615198895973,0.013376843589614626,0.09359583879686026,0.09359583879686026,0.5401197604790419,0.019229718852109487
TW_4467a039e00b,PS_045,PS_046,True,490,470,True,True,,-0.000881185933123229,-0.03006091447001062,1.0535341609207847,0.004750100426155618,0.004649095391267594,0.0038577197735949476,0.00010100503488802426,0.0008923806525606703,0.07024948277859892,0.0701484777437109,0.06935710212603825,0.0654993823524433,0.015007675824498542,0.014126489891375296,0.01664743988652298,0.06952054259334572,0.06952054259334572,0.8245614035087719,0.004750100426155618
TW_4467a039e00b,PS_045,PS_047,True,513,417,True,True,,-0.11970702228617613,-0.016304751480635007,0.8225650006774919,-0.029810222612715945,-0.016590872565917444,-0.010984064479098443,-0.0132193500467985,-0.0188261581336175,0.0938232423779017,0.1070425924247002,0.1126494005115192,0.12363346499061764,0.0477121763266255,-0.07199484595955064,-0.07919484627522318,0.08965631193907028,0.08965631193907028,0.7239583333333334,-0.029810222612715945
TW_4467a039e00b,PS_045,PS_048,True,120,170,True,True,,0.008772058808697596,-0.01159308803984756,1.0486660655276274,0.011835130218339714,0.01324504996429185,0.011311869113172016,-0.001409919745952136,0.000523261105167698,0.05058624730287986,0.051996167048832,0.05006298619771216,0.03875111708454015,0.017823406066723255,0.02659546487542085,0.028478923067582113,0.05005374405436671,0.05005374405436671,0.23004059539918809,0.011835130218339714
TW_4467a039e00b,PS_045,PS_049,True,518,521,True,True,,0.035334652318035197,0.010658790354349204,1.0335262990132816,0.005187873056353466,0.006755757030320594,0.0054115661711518215,-0.0015678839739671283,-0.00022369311479835535,0.06239643624775356,0.06396432022172069,0.06262012936255192,0.057208563191400094,-0.007443103014611268,0.02789154930342395,0.026219785786385973,0.060932899944165134,0.060932899944165134,0.7338028169014085,0.005187873056353466
TW_4467a039e00b,PS_045,PS_050,True,582,586,True,True,,0.0020144553138626456,-0.07192060455251803,1.0995395614303307,0.003812474935823658,0.003828749010350664,0.0014092670479463887,-1.6274074527006244e-05,0.002403207887877269,0.06487484946588855,0.06489112354041555,0.06247164157801128,0.06106237453006489,0.01218703209641367,0.014201487410276343,0.012521927083651947,0.06607043373122452,0.06607043373122452,0.6967895362663495,0.003812474935823658
TW_4467a039e00b,PS_045,PS_051,True,319,250,True,True,,-0.02539902219116603,-0.10395706837778924,1.199896560255182,0.031137410707577397,0.03272576713057975,0.017226817547398215,-0.0015883564230023545,0.013910593160179181,0.07585917178669803,0.07744752820970038,0.06194857862651885,0.04472176107912063,0.0011777741733926005,-0.02422124801777344,-0.005344170177422955,0.07581075290487437,0.07581075290487438,0.33467202141900937,0.031137410707577397
TW_4467a039e00b,PS_046,PS_042,True,546,472,True,True,,0.014781928012328955,0.020493989857291582,0.9913565547403306,-0.010587238995745159,-0.012928918234492472,-0.012436846129104763,0.002341679238747313,0.0018496071333596042,0.05275732766558639,0.05041564842683908,0.05090772053222679,0.06334456666133155,-0.011644015602284404,0.00313791241004452,0.002854192231222619,0.05068644209024543,0.05068644209024543,0.5763125763125763,-0.010587238995745159
TW_4467a039e00b,PS_046,PS_043,True,251,286,True,True,,-0.014807846380834181,0.040053972975299536,0.8953531459408668,0.009417230318337189,0.00475342088301571,-0.009664901654746608,0.004663809435321478,0.019082131973083796,0.08165932686417189,0.07699551742885041,0.0625771948910881,0.0722420965458347,0.0419386298855206,0.027130783504686413,0.016278664313618508,0.07316915480616304,0.07316915480616301,0.3615676359039191,0.009417230318337189
TW_4467a039e00b,PS_046,PS_044,True,540,463,True,True,,0.007404349456606456,-0.04520539366334158,1.0738701081603916,-0.004095805369216318,-0.006069787299259138,-0.010420322149947703,0.00197398193004282,0.006324516780731385,0.07586929096150165,0.07389530903145883,0.06954477418077026,0.07996509633071797,-0.011955736182052394,-0.004551386725445896,-0.004205408048201825,0.07287460847407405,0.07287460847407405,0.5544910179640719,-0.004095805369216318
TW_4467a039e00b,PS_046,PS_045,True,682,502,True,True,,-0.005941870313899721,-0.008486813472010192,1.003603360678215,0.0005852973683572876,0.0005908359309994074,0.00042840495429743303,-5.538562642119771e-06,0.0001568924140598546,0.043773878052221375,0.043779416614863495,0.04361698563816152,0.04318858068386409,0.014411620933539088,0.008469750619639383,0.008280789818921488,0.04489208134784711,0.044892081347847106,0.6857923497267759,0.0005852973683572876
TW_4467a039e00b,PS_046,PS_047,True,510,425,True,True,,-0.11913343064222541,-0.010438022921169198,0.8121000467642064,-0.0397182861422483,-0.01588002029710582,-0.01016488488498915,-0.02383826584514248,-0.02955340125725915,0.08676449833264531,0.11060276417778779,0.11631789958990446,0.1264827844748936,0.03649653416176611,-0.08263689648045927,-0.09157912544059876,0.08231121391932561,0.0823112139193256,0.7378472222222222,-0.0397182861422483
TW_4467a039e00b,PS_046,PS_048,True,84,82,True,True,,0.011957715863829987,0.08654533525351396,0.7738162592810991,0.008756843000090206,0.007105815145508024,0.02953088873293297,0.0016510278545821822,-0.020774045732842764,0.05785356947783185,0.05620254162324967,0.07862761521067461,0.049096726477741645,-0.014809658884503174,-0.0028519430206731893,0.010973026909927934,0.05620775488025892,0.05620775488025892,0.11096075778078485,0.008756843000090206
TW_4467a039e00b,PS_046,PS_049,True,465,484,True,True,,0.0492483632461608,0.05964492919382178,0.9851761061989593,0.010210397068968896,0.003201572788366462,0.00362692091281501,0.007008824280602434,0.006583476156153886,0.06860948959605236,0.06160066531544992,0.06202601343989847,0.05839909252708346,-0.021033522608830138,0.028214840637330645,0.028666734709135878,0.06076338715517181,0.06076338715517181,0.6816901408450704,0.010210397068968896
TW_4467a039e00b,PS_046,PS_050,True,588,573,True,True,,0.026820228753051435,0.056256592391873014,0.9592340789020962,0.002475850877267316,-0.0018238073392773807,-0.0010971863247302635,0.004299658216544697,0.0035730372019975795,0.062377160236859394,0.0580775020203147,0.058804123034861815,0.05990130935959208,-0.013478469818296769,0.013341758934754684,0.013854969223258512,0.058941128796397096,0.058941128796397096,0.6813317479191439,0.002475850877267316
TW_4467a039e00b,PS_046,PS_051,True,396,294,True,True,,-0.044994991462567094,-0.014752864782782356,0.9380446331443073,0.021626927752497353,0.014818147167801131,0.012551383270648163,0.006808780584696222,0.00907554448184919,0.07497651234664625,0.06816773176195003,0.06590096786479706,0.053349584594148895,0.042026581286127976,-0.0029684101764391297,-0.007232861563705611,0.0679399259353784,0.0679399259353784,0.39357429718875503,0.021626927752497353
TW_4467a039e00b,PS_047,PS_042,True,617,586,True,True,,0.17360073869446815,0.03368477203602718,1.2895103060914586,0.11823485794663127,0.01416975442260765,-0.025052478397950967,0.10406510352402362,0.14328733634458224,0.18067124817377747,0.07660614464975385,0.03738391182919523,0.0624363902271462,-0.1775414331999968,-0.003940694505528652,0.0029584054245272344,0.07558145767336047,0.07558145767336048,0.7155067155067155,0.11823485794663127
TW_4467a039e00b,PS_047,PS_043,True,289,298,True,True,,0.11819199623727905,0.026145857571506514,1.2621219074413643,0.06875139928502538,0.020098027947072925,-0.017340109014921466,0.04865337133795246,0.08609150829994686,0.14079563635036962,0.09214226501241717,0.054704128050422775,0.07204423706534424,-0.13576127046618486,-0.0175692742289058,0.002749926373092885,0.0916941765485382,0.0916941765485382,0.37673830594184576,0.06875139928502538
TW_4467a039e00b,PS_047,PS_044,True,615,571,True,True,,0.1818847311687452,-0.020260964257340117,1.384595911747601,0.1186737048292433,0.02130385622597883,-0.020209666962090006,0.09736984860326447,0.1388833717913333,0.19683393639506486,0.09946408779180038,0.05795056460373155,0.07816023156582155,-0.18399214451536902,-0.002107413346623805,0.0009822729891207,0.09897321918391777,0.09897321918391777,0.6838323353293413,0.1186737048292433
TW_4467a039e00b,PS_047,PS_045,True,686,548,True,True,,0.16564566063299227,-0.017971982234487267,1.3448719212905755,0.10737278000357282,0.03599683091230857,-0.004408831156011546,0.07137594909126425,0.11178161115958438,0.1535164961125003,0.08214054702123604,0.04173488495291592,0.046143716108927466,-0.14095734396211515,0.024688316670877113,0.008020341825175848,0.08614407672482816,0.08614407672482816,0.7486338797814208,0.10737278000357282
TW_4467a039e00b,PS_047,PS_046,True,536,487,True,True,,0.11789524668253158,-0.015869580204945895,1.315157573199312,0.06429817903246841,0.024793638047251473,-0.005631450795477472,0.03950454098521694,0.06992962982794589,0.1323585665861975,0.09285402560098055,0.062428936758251605,0.06806038755372908,-0.11903817497685322,-0.0011429282943216284,0.006757627335420493,0.09290995603547716,0.09290995603547716,0.8543859649122807,0.06429817903246841
TW_4467a039e00b,PS_047,PS_048,True,101,132,True,True,,0.14385934179792612,0.051405965788995485,1.3223503686742801,0.08546893876819055,0.04351751033132936,0.016425408078129783,0.041951428436861185,0.06904353069006076,0.12044299949288079,0.0784915710560196,0.05139946880282002,0.03497406072469024,-0.11154206428062835,0.03231727751729777,0.0379842988890886,0.07012281365769545,0.07012281365769543,0.17861975642760486,0.08546893876819055
TW_4467a039e00b,PS_047,PS_049,True,416,477,True,True,,0.19958169805512355,0.019144118293375485,1.346087181193938,0.1118111049686951,0.03018811742119229,0.0055881018416281125,0.08162298754750281,0.10622300312706699,0.1726875783676748,0.09106459082017197,0.0664645752406078,0.06087647339897968,-0.15750248246219167,0.042079215592931866,0.03367827599655655,0.09462310213545437,0.09462310213545437,0.671830985915493,0.1118111049686951
TW_4467a039e00b,PS_047,PS_050,True,523,536,True,True,,0.17808588532640876,0.012495214936742549,1.308774672106816,0.1148626912301649,0.02298161342282886,-0.005802987299205489,0.09188107780733604,0.1206656785293704,0.17507034525649454,0.08318926744915849,0.054404666727124136,0.060207654026329625,-0.16486969506892768,0.013216190257481126,0.010129570999437565,0.08574133659494376,0.08574133659494376,0.6373365041617123,0.1148626912301649
TW_4467a039e00b,PS_047,PS_051,True,417,319,True,True,,0.09243381847456893,-0.028272234884486342,1.403222527536295,0.1065666629733675,0.060710831183857394,0.007046983283108821,0.04585583178951011,0.09951967969025868,0.15174382122285932,0.1058879894333492,0.05222414153260063,0.04517715824949181,-0.1457118444555865,-0.05327802598101758,-0.010185509042938681,0.10083397846676681,0.10083397846676681,0.42704149933065594,0.1065666629733675
TW_4467a039e00b,PS_049,PS_042,True,647,580,True,True,,0.027809528176908835,0.02138602038009085,1.0101535221279738,-0.009538453873604733,-0.00786467609794126,-0.008516477768681918,-0.0016737777756634722,-0.0010219761049228143,0.05160085580042708,0.05327463357609055,0.052622831905349894,0.06113930967403181,-0.006293729824729982,0.021515798352178865,0.021804546125784453,0.05105321455555421,0.05105321455555421,0.7081807081807082,-0.009538453873604733
TW_4467a039e00b,PS_049,PS_043,True,435,398,True,True,,-0.019558632961959775,-0.00613630991389028,0.9771278271631868,-0.014728232054464434,-0.021182490325262114,-0.020851914904485437,0.00645425827079768,0.006123682850021003,0.05945418796876676,0.05299992969796908,0.05333050511874576,0.0741824200232312,0.02678127225473375,0.0072226392927739625,0.007096832080841059,0.0522103970430602,0.0522103970430602,0.5031605562579013,-0.014728232054464434
TW_4467a039e00b,PS_049,PS_044,True,672,588,True,True,,0.002794765991361784,-0.05124798600975926,1.0751820383276252,0.006361898608261737,0.00577457970923359,0.0028298656617171125,0.0005873188990281469,0.003532032946544625,0.08424368045986068,0.08365636156083253,0.08071164751331605,0.07788178185159894,-0.0034900781176735625,-0.0006953121263118058,-0.002013785794407673,0.08352412725148697,0.08352412725148697,0.704191616766467,0.006361898608261737
TW_4467a039e00b,PS_049,PS_045,True,664,555,True,True,,-0.021900900071986733,-0.04029313269826765,1.0255705556770716,0.005620504664835005,0.004315279403874724,0.004471908710032058,0.0013052252609602813,0.0011485959548029473,0.05136242110747393,0.05005719584651365,0.050213825152670984,0.045741916442638926,0.0269192987135137,0.005018398641526953,0.0034307105544837146,0.0508206717666363,0.0508206717666363,0.7581967213114754,0.005620504664835005
TW_4467a039e00b,PS_049,PS_046,True,508,516,True,True,,-0.027617887798387527,-0.03471642479724997,1.0124261118709994,0.0071416636224147095,0.0015257083574848063,0.0015556310182867489,0.005615955264929903,0.005586032604127961,0.07177503386327576,0.06615907859834586,0.0661890012591478,0.06463337024086105,0.036351293518182046,0.00873340571979455,0.009280087176020711,0.06659490419784335,0.06659490419784336,0.9052631578947369,0.0071416636224147095
TW_4467a039e00b,PS_049,PS_047,True,499,428,True,True,,-0.14441475296998435,-0.019505727095009927,0.7858691400876858,-0.017016244994608992,-0.007225877534918462,-0.004955031331893289,-0.00979036745969053,-0.012061213662715703,0.10017716451625297,0.1099675319759435,0.11223837817896867,0.11719340951086196,0.06876098956202772,-0.07565376340795663,-0.08404867926093867,0.0856961505138733,0.08569615051387332,0.7430555555555556,-0.017016244994608992
TW_4467a039e00b,PS_049,PS_048,True,135,162,True,True,,-0.005005771693743492,-0.004178285766052971,0.9972673959749382,0.010044521111434682,0.007481392167436603,0.00750053979067164,0.002563128943998079,0.002543981320763042,0.048184237804789566,0.04562110886079149,0.045640256484026524,0.038139716693354885,0.024570132577382914,0.019564360883639418,0.019574917364177026,0.041440877523047294,0.041440877523047294,0.21921515561569688,0.010044521111434682
TW_4467a039e00b,PS_049,PS_050,True,593,587,True,True,,-0.017418471907650498,-0.030746137379708847,1.017983481555586,0.006793773823267998,0.005016406165579745,0.004305442370942658,0.001777367657688253,0.0024883314523253403,0.06695559502081438,0.06517822736312613,0.06446726356848904,0.060161821197546386,0.02372434509000344,0.006305873182352982,0.005835045227665942,0.0654136142200179,0.0654136142200179,0.6979785969084423,0.006793773823267998
TW_4467a039e00b,PS_049,PS_051,True,416,262,True,True,,-0.04856312131339725,-0.05415741725671761,1.0122852362674082,0.016301774762073354,0.009408904297109291,0.00795440561836086,0.006892870464964063,0.008347369143712494,0.07332250933160361,0.06642963886663955,0.06497514018789112,0.05702073456953026,0.04807646385638991,-0.00048665745700732444,0.0015205116046427803,0.06635751924562582,0.06635751924562582,0.3507362784471218,0.016301774762073354
TW_4467a039e00b,PS_050,PS_042,True,725,603,True,True,,0.04813536374239484,0.04694525100806971,1.0018669344960156,-0.013230633404320673,-0.016879129825270567,-0.01702877516001044,0.003648496420949894,0.0037981417556897656,0.04884472119865233,0.04519622477770244,0.045046579442962566,0.062075354602973004,-0.02510398502000992,0.02303137872238489,0.023064905415147045,0.04215976717025932,0.04215976717025933,0.7362637362637363,-0.013230633404320673
TW_4467a039e00b,PS_050,PS_043,True,447,472,True,True,,0.016007788498513826,-0.0012929699583060527,1.02927268025681,-0.020052905059231803,-0.017025360549779114,-0.017592306314875433,-0.0030275445094526884,-0.0024605987443563695,0.0557370635724914,0.058764608081944086,0.05819766231684777,0.0757899686317232,-0.0004245997613557836,0.01558318873715803,0.016992111330822277,0.055764050845458914,0.055764050845458914,0.5967130214917825,-0.020052905059231803
TW_4467a039e00b,PS_050,PS_044,True,699,631,True,True,,0.027796086084905056,-0.04615292072361101,1.1063143724637463,0.004544655186495772,-0.002380232058665943,-0.009908597991943796,0.006924887245161715,0.014453253178439568,0.0836194355796154,0.07669454833445369,0.06916618240117584,0.07907478039311963,-0.02453689633265033,0.003259189752254707,0.002374118334679431,0.07716247433731346,0.07716247433731348,0.755688622754491,0.004544655186495772
TW_4467a039e00b,PS_050,PS_045,True,691,573,True,True,,-0.009184801629932647,-0.03356412948039116,1.0346502678440495,0.0010553703250080343,0.0018332029473389494,0.00035591313914393186,-0.0007778326223309151,0.0006994571858641024,0.045711841253311854,0.04648967387564277,0.04501238406744775,0.04465647092830382,0.016436454060874846,0.007251652430942218,0.005252891789451298,0.04829463940152408,0.04829463940152407,0.7827868852459017,0.0010553703250080343
TW_4467a039e00b,PS_050,PS_046,True,541,536,True,True,,-0.005986204061920957,-0.022301114120848384,1.0298582045796112,0.0005212534471596281,0.00014418118183559536,-0.0007773309118516564,0.0003770722653240327,0.0012985843590112844,0.06741836140122709,0.06704128913590306,0.0661197770422158,0.06689710795406746,0.010966498544550026,0.004980294482629067,0.006267164883606529,0.06710130910166792,0.06710130910166792,0.9403508771929825,0.0005212534471596281
TW_4467a039e00b,PS_050,PS_047,True,564,502,True,True,,-0.11994082176617,-0.011790439579383015,0.8144010835462794,-0.03700034205493366,-0.016760102362148477,-0.012683654441555267,-0.020240239692785184,-0.024316687613378393,0.08493243973535136,0.10517267942813655,0.10924912734872975,0.12193278179028502,0.04083450654821769,-0.07910631521795233,-0.08572952220924875,0.07997786721806768,0.0799778672180677,0.8715277777777778,-0.03700034205493366
TW_4467a039e00b,PS_050,PS_048,True,121,156,True,True,,-0.0004855378069185259,-0.026362818042804936,1.089960362192609,0.009320568677168455,0.009003133123086121,0.009872647289471355,0.0003174355540823334,-0.0005520786123029003,0.04703861057118581,0.046721175017103475,0.04759068918348871,0.037718041894017354,0.020568431590900084,0.020082893783981568,0.020475608284380796,0.04131276304446859,0.04131276304446859,0.21109607577807848,0.009320568677168455
TW_4467a039e00b,PS_050,PS_049,True,479,568,True,True,,0.030963817873435016,-0.024134706357190335,1.0795468767863765,0.0037625795021312483,0.003613486319790443,-0.0005666203233767042,0.0001490931823408051,0.0043291998255079525,0.06251431631186516,0.062365223129524354,0.058185116486357207,0.05875173680973391,-0.0036807494571123255,0.027283068416322713,0.024439487809359485,0.06183085499036965,0.06183085499036965,0.8,0.0037625795021312483
TW_4467a039e00b,PS_050,PS_051,True,527,404,True,True,,-0.0005655069250009374,-0.004227503103134821,1.007678743666017,0.007650574427969972,0.007759221517487161,0.006698826868509478,-0.00010864708951718871,0.0009517475594604946,0.06946601665672303,0.06957466374624022,0.06851426909726253,0.061815442228753056,-0.0005727066540867198,-0.001138213579087641,5.2010125710120006e-05,0.06936397226915753,0.06936397226915753,0.5408299866131191,0.007650574427969972
TW_4467a039e00b,PS_051,PS_042,True,372,201,True,True,,0.034122009950571915,0.07513130722083745,0.9219363617330177,-0.007736320834921373,0.013860209330121415,0.016947888453007993,-0.021596530165042788,-0.024684209287929366,0.03987346027321922,0.061469990438262005,0.06455766956114858,0.04760978110814059,0.015042921986599041,0.04916493193717096,0.05085384731452621,0.037799392290368904,0.03779939229036891,0.2454212454212454,-0.007736320834921373
TW_4467a039e00b,PS_051,PS_043,True,459,504,True,True,,-0.011941982202198225,0.034205380880306405,0.9300211389182987,-0.020486714689908703,-0.022042332909884804,-0.01908288094183394,0.0015556182199761015,-0.001403833748074762,0.0645241665720026,0.0629685483520265,0.06592800032007737,0.08501088126191131,0.013156536939594511,0.0012145547373962912,-0.0019632732603114323,0.06290904521086572,0.06290904521086572,0.6371681415929203,-0.020486714689908703
TW_4467a039e00b,PS_051,PS_044,True,233,179,True,True,,-0.038674942788939175,-0.03712874220370255,0.9971130648329352,0.025727307743394642,0.01984745291974549,0.019911509120242976,0.005879854823649153,0.005815798623151666,0.09449058644355911,0.08861073161990995,0.08867478782040744,0.06876327870016447,0.052476089415293005,0.013801146626353851,0.013770014302969818,0.09003775233356197,0.09003775233356197,0.21437125748502994,0.025727307743394642
TW_4467a039e00b,PS_051,PS_045,True,180,157,True,True,,-0.03663954625050571,-0.027299993886015134,0.9761082116344043,0.006200780150080076,0.007161051110381428,0.007197090136950836,-0.0009602709603013515,-0.0009963099868707595,0.061407840691168704,0.062368111651470055,0.06240415067803946,0.05520706054108863,0.030891600478478897,-0.005747945772026801,-0.006041292679274995,0.06107713318333337,0.06107713318333337,0.21448087431693988,0.006200780150080076
TW_4467a039e00b,PS_051,PS_046,True,274,185,True,True,,-0.011324129427935575,0.010164457860862739,0.9356819514301732,-0.001608455085044827,-0.004274271882999267,-0.0055205582268904735,0.00266581679795444,0.0039121031418456464,0.06680173403714927,0.06413591723919483,0.06288963089530362,0.0684101891221941,0.008071166494444441,-0.00325296293349114,-0.00709838556311072,0.0646766973778001,0.0646766973778001,0.32456140350877194,-0.001608455085044827
TW_4467a039e00b,PS_051,PS_047,True,236,156,True,True,,-0.09031001205194598,-0.0011062543937246838,0.7640263496664209,0.011885317316794146,0.01129375794196457,0.0009690375420284836,0.0005915593748295755,0.010916279774765662,0.0690403131264379,0.06844875375160832,0.05812403335167223,0.05715499580964375,0.04434621451429605,-0.04596379753764994,-0.036795771398379154,0.055195249268695325,0.05519524926869533,0.2708333333333333,0.011885317316794146
TW_4467a039e00b,PS_051,PS_048,True,77,83,True,True,,-0.0054381491133520315,0.003864114442194613,0.9751447704914649,0.007179306862026454,0.0039345386553286885,0.0035340937302225026,0.003244768206697765,0.003645213131803951,0.03781265041402608,0.034567882207328315,0.03416743728222213,0.030633343551999627,0.022457953181092963,0.017019804067740917,0.017436829273698898,0.031454801322731686,0.03145480132273168,0.11231393775372124,0.007179306862026454
TW_4467a039e00b,PS_051,PS_049,True,151,166,True,True,,0.0012776375199408233,0.02043222840653252,0.9587949053221084,-0.0019550935888232104,-0.0015620297460334429,7.567679474812516e-05,-0.0003930638427897676,-0.0020307703835713356,0.05927038499357897,0.05966344883636874,0.06130115537715031,0.06122547858240218,0.0028911040070744996,0.004168741527015313,0.005093510974077383,0.05856741394382822,0.05856741394382822,0.23380281690140844,-0.0019550935888232104
TW_4467a039e00b,PS_051,PS_050,True,130,133,True,True,,-0.006433011001333136,0.012176666955723225,0.9499036415839115,0.002995858143534251,0.0005778203231423945,0.0013077508493280834,0.0024180378203918565,0.0016881072942061676,0.05379876725992523,0.051380729439533375,0.052110659965719064,0.05080290911639098,0.013872977314904961,0.007439966313571834,0.007550635204102096,0.04941620844188809,0.049416208441888085,0.1581450653983353,0.002995858143534251
TW_88a108921af7,PS_035,PS_039,True,804,736,True,True,,0.02686023491295345,-0.0022719633397645625,1.0540183030973262,-0.013253571979140621,-0.011693580942109968,-0.01724144769353289,-0.001559991037030653,0.003987875714392269,0.0654548818568405,0.06701487289387115,0.061467006142448224,0.07870845383598112,-0.013146597568982257,0.013713637343971179,0.016026197559281315,0.06546901746018774,0.06546901746018774,0.5584218512898331,-0.013253571979140621
TW_88a108921af7,PS_039,PS_035,True,786,673,True,True,,-0.016693428814700022,-0.024104756893550485,1.0144964886004593,-0.0045877041055881335,-0.009719327339603373,-0.010264387071291056,0.0051316232340152396,0.005676682965702923,0.05895508866371209,0.05382346542969685,0.053278405698009165,0.06354279276930022,0.02671075427114903,0.010017325456448994,0.010180391359761698,0.05251561067422493,0.05251561067422493,0.4133906633906634,-0.0045877041055881335
