group_id,plant_a,plant_b,level,otg_a_to_b,otg_b_to_a,asymmetry_signed,asymmetry_abs
TW_04b9f5d95694,PS_002,PS_003,k1,0.01438801756259056,0.0018748739101837608,0.0125131436524068,0.0125131436524068
TW_4467a039e00b,PS_042,PS_043,k1,-0.0221874343070326,0.0384023355057479,-0.0605897698127805,0.0605897698127805
TW_4467a039e00b,PS_042,PS_044,k1,0.0062957615639631925,-0.02034867922414936,0.026644440788112553,0.026644440788112553
TW_4467a039e00b,PS_042,PS_045,k1,-0.009370165419568671,-0.008173085723099355,-0.0011970796964693164,0.0011970796964693164
TW_4467a039e00b,PS_042,PS_046,k1,-0.005321771661217181,-0.012928918234492472,0.0076071465732752905,0.0076071465732752905
TW_4467a039e00b,PS_042,PS_047,k1,0.0045644035522118265,0.01416975442260765,-0.009605350870395823,0.009605350870395823
TW_4467a039e00b,PS_042,PS_049,k1,0.002913968419158322,-0.00786467609794126,0.010778644517099582,0.010778644517099582
TW_4467a039e00b,PS_042,PS_050,k1,0.008623185498286716,-0.016879129825270567,0.025502315323557283,0.025502315323557283
TW_4467a039e00b,PS_042,PS_051,k1,0.016089745560062513,0.013860209330121415,0.002229536229941098,0.002229536229941098
TW_4467a039e00b,PS_043,PS_044,k1,0.04520659865496901,-0.022726170856680578,0.06793276951164959,0.06793276951164959
TW_4467a039e00b,PS_043,PS_045,k1,0.005111871892079456,0.0032179843712380196,0.0018938875208414363,0.0018938875208414363
TW_4467a039e00b,PS_043,PS_046,k1,0.0006571007023731187,0.00475342088301571,-0.004096320180642592,0.004096320180642592
TW_4467a039e00b,PS_043,PS_047,k1,0.00689486247131707,0.020098027947072925,-0.013203165475755854,0.013203165475755854
TW_4467a039e00b,PS_043,PS_049,k1,0.010363715855705932,-0.021182490325262114,0.031546206180968046,0.031546206180968046
TW_4467a039e00b,PS_043,PS_050,k1,0.007059552682831018,-0.017025360549779114,0.024084913232610132,0.024084913232610132
TW_4467a039e00b,PS_043,PS_051,k1,0.04162730139335748,-0.022042332909884804,0.06366963430324228,0.06366963430324228
TW_4467a039e00b,PS_044,PS_045,k1,0.0040233420129919956,0.014870786778466025,-0.01084744476547403,0.01084744476547403
TW_4467a039e00b,PS_044,PS_046,k1,0.0028705170444243144,-0.006069787299259138,0.008940304343683453,0.008940304343683453
TW_4467a039e00b,PS_044,PS_047,k1,0.01016434053537743,0.02130385622597883,-0.011139515690601398,0.011139515690601398
TW_4467a039e00b,PS_044,PS_049,k1,0.006040760704213048,0.00577457970923359,0.00026618099497945774,0.00026618099497945774
TW_4467a039e00b,PS_044,PS_050,k1,0.005564855190163531,-0.002380232058665943,0.007945087248829474,0.007945087248829474
TW_4467a039e00b,PS_044,PS_051,k1,0.015831116444638263,0.01984745291974549,-0.004016336475107227,0.004016336475107227
TW_4467a039e00b,PS_045,PS_046,k1,0.004649095391267594,0.0005908359309994074,0.004058259460268186,0.004058259460268186
TW_4467a039e00b,PS_045,PS_047,k1,-0.016590872565917444,0.03599683091230857,-0.052587703478226014,0.052587703478226014
TW_4467a039e00b,PS_045,PS_049,k1,0.006755757030320594,0.004315279403874724,0.002440477626445871,0.002440477626445871
TW_4467a039e00b,PS_045,PS_050,k1,0.003828749010350664,0.0018332029473389494,0.0019955460630117147,0.0019955460630117147
TW_4467a039e00b,PS_045,PS_051,k1,0.03272576713057975,0.007161051110381428,0.025564716020198323,0.025564716020198323
TW_4467a039e00b,PS_046,PS_047,k1,-0.01588002029710582,0.024793638047251473,-0.040673658344357294,0.040673658344357294
TW_4467a039e00b,PS_046,PS_049,k1,0.003201572788366462,0.0015257083574848063,0.0016758644308816559,0.0016758644308816559
TW_4467a039e00b,PS_046,PS_050,k1,-0.0018238073392773807,0.00014418118183559536,-0.001967988521112976,0.001967988521112976
TW_4467a039e00b,PS_046,PS_051,k1,0.014818147167801131,-0.004274271882999267,0.019092419050800398,0.019092419050800398
TW_4467a039e00b,PS_047,PS_049,k1,0.03018811742119229,-0.007225877534918462,0.03741399495611075,0.03741399495611075
TW_4467a039e00b,PS_047,PS_050,k1,0.02298161342282886,-0.016760102362148477,0.03974171578497734,0.03974171578497734
TW_4467a039e00b,PS_047,PS_051,k1,0.060710831183857394,0.01129375794196457,0.049417073241892824,0.049417073241892824
TW_4467a039e00b,PS_049,PS_050,k1,0.005016406165579745,0.003613486319790443,0.0014029198457893022,0.0014029198457893022
TW_4467a039e00b,PS_049,PS_051,k1,0.009408904297109291,-0.0015620297460334429,0.010970934043142734,0.010970934043142734
TW_4467a039e00b,PS_050,PS_051,k1,0.007759221517487161,0.0005778203231423945,0.007181401194344766,0.007181401194344766
TW_88a108921af7,PS_035,PS_039,k1,-0.011693580942109968,-0.009719327339603373,-0.0019742536025065954,0.0019742536025065954
TW_04b9f5d95694,PS_002,PS_003,k2,0.01240751118557791,0.0018654827989903477,0.010542028386587562,0.010542028386587562
TW_4467a039e00b,PS_042,PS_043,k2,-0.024947502828822653,0.02431636473324389,-0.04926386756206654,0.04926386756206654
TW_4467a039e00b,PS_042,PS_044,k2,-0.001957542571430021,-0.01948458695994685,0.01752704438851683,0.01752704438851683
TW_4467a039e00b,PS_042,PS_045,k2,-0.009813370511750089,-0.01774919949721703,0.007935828985466943,0.007935828985466943
TW_4467a039e00b,PS_042,PS_046,k2,-0.005228164470413077,-0.012436846129104763,0.007208681658691686,0.007208681658691686
TW_4467a039e00b,PS_042,PS_047,k2,-0.002954644197425131,-0.025052478397950967,0.022097834200525836,0.022097834200525836
TW_4467a039e00b,PS_042,PS_049,k2,0.0008753268990531471,-0.008516477768681918,0.009391804667735065,0.009391804667735065
TW_4467a039e00b,PS_042,PS_050,k2,0.008185990451390089,-0.01702877516001044,0.025214765611400528,0.025214765611400528
TW_4467a039e00b,PS_042,PS_051,k2,0.006742689537621652,0.016947888453007993,-0.010205198915386342,0.010205198915386342
TW_4467a039e00b,PS_043,PS_044,k2,0.01848739676957202,-0.020985735226337482,0.0394731319959095,0.0394731319959095
TW_4467a039e00b,PS_043,PS_045,k2,0.00333138677273892,0.00320794627527074,0.0001234404974681802,0.0001234404974681802
TW_4467a039e00b,PS_043,PS_046,k2,-0.00174234379561021,-0.009664901654746608,0.007922557859136398,0.007922557859136398
TW_4467a039e00b,PS_043,PS_047,k2,0.0009358417470882036,-0.017340109014921466,0.01827595076200967,0.01827595076200967
TW_4467a039e00b,PS_043,PS_049,k2,0.007692685455471596,-0.020851914904485437,0.028544600359957033,0.028544600359957033
TW_4467a039e00b,PS_043,PS_050,k2,0.006564137868029105,-0.017592306314875433,0.024156444182904538,0.024156444182904538
TW_4467a039e00b,PS_043,PS_051,k2,0.024444196223187165,-0.01908288094183394,0.043527077165021105,0.043527077165021105
TW_4467a039e00b,PS_044,PS_045,k2,0.005809813957413507,0.002131811653394877,0.0036780023040186294,0.0036780023040186294
TW_4467a039e00b,PS_044,PS_046,k2,0.0028533765022905333,-0.010420322149947703,0.013273698652238236,0.013273698652238236
TW_4467a039e00b,PS_044,PS_047,k2,-0.005669389830907007,-0.020209666962090006,0.014540277131183,0.014540277131183
TW_4467a039e00b,PS_044,PS_049,k2,0.006114579188829426,0.0028298656617171125,0.0032847135271123137,0.0032847135271123137
TW_4467a039e00b,PS_044,PS_050,k2,0.005133441471255391,-0.009908597991943796,0.015042039463199187,0.015042039463199187
TW_4467a039e00b,PS_044,PS_051,k2,-0.00196198000095614,0.019911509120242976,-0.021873489121199116,0.021873489121199116
TW_4467a039e00b,PS_045,PS_046,k2,0.0038577197735949476,0.00042840495429743303,0.0034293148192975145,0.0034293148192975145
TW_4467a039e00b,PS_045,PS_047,k2,-0.010984064479098443,-0.004408831156011546,-0.006575233323086897,0.006575233323086897
TW_4467a039e00b,PS_045,PS_049,k2,0.0054115661711518215,0.004471908710032058,0.0009396574611197639,0.0009396574611197639
TW_4467a039e00b,PS_045,PS_050,k2,0.0014092670479463887,0.00035591313914393186,0.0010533539088024568,0.0010533539088024568
TW_4467a039e00b,PS_045,PS_051,k2,0.017226817547398215,0.007197090136950836,0.01002972741044738,0.01002972741044738
TW_4467a039e00b,PS_046,PS_047,k2,-0.01016488488498915,-0.005631450795477472,-0.004533434089511679,0.004533434089511679
TW_4467a039e00b,PS_046,PS_049,k2,0.00362692091281501,0.0015556310182867489,0.002071289894528261,0.002071289894528261
TW_4467a039e00b,PS_046,PS_050,k2,-0.0010971863247302635,-0.0007773309118516564,-0.00031985541287860714,0.00031985541287860714
TW_4467a039e00b,PS_046,PS_051,k2,0.012551383270648163,-0.0055205582268904735,0.018071941497538636,0.018071941497538636
TW_4467a039e00b,PS_047,PS_049,k2,0.0055881018416281125,-0.004955031331893289,0.010543133173521402,0.010543133173521402
TW_4467a039e00b,PS_047,PS_050,k2,-0.005802987299205489,-0.012683654441555267,0.006880667142349778,0.006880667142349778
TW_4467a039e00b,PS_047,PS_051,k2,0.007046983283108821,0.0009690375420284836,0.006077945741080337,0.006077945741080337
TW_4467a039e00b,PS_049,PS_050,k2,0.004305442370942658,-0.0005666203233767042,0.004872062694319362,0.004872062694319362
TW_4467a039e00b,PS_049,PS_051,k2,0.00795440561836086,7.567679474812516e-05,0.007878728823612735,0.007878728823612735
TW_4467a039e00b,PS_050,PS_051,k2,0.006698826868509478,0.0013077508493280834,0.005391076019181394,0.005391076019181394
TW_88a108921af7,PS_035,PS_039,k2,-0.01724144769353289,-0.010264387071291056,-0.006977060622241835,0.006977060622241835
