target_id,twin_source_id,control_id,target_state,common_row_count,twin_otg_common_rows,control_otg_common_rows,contrast_control_minus_twin,common_row_fingerprint,computable,reason,orientation
PS_002,PS_003,PS_007,RJ,2185,0.00019870268287961595,0.026370345481372952,0.026171642798493336,a473aa1ca9b6b7cc207c9f16ee5c1cb734e138615e71d13af1bb24d6d7f2eb0e,True,ok,CONTROL_MINUS_TWIN
PS_002,PS_003,PS_037,RJ,3026,0.0011876024525024204,0.021812390804269333,0.020624788351766912,56e0d40b1e2e3de59c18f51344653d2f22a561be74bca4260996aa2dc064a42b,True,ok,CONTROL_MINUS_TWIN
PS_003,PS_002,PS_007,RJ,2165,0.0011288526956705833,0.034360658027721425,0.03323180533205084,4f2dddf5cc2ce4ea1ba2d5ad655e155a123f5f8c599452e32188e260e4aac867,True,ok,CONTROL_MINUS_TWIN
PS_003,PS_002,PS_037,RJ,2903,0.001001839667462652,0.027026312541068416,0.026024472873605764,b3dcc386e9a6fda1723ecb4316c4eb403e0e8481d9bb01015997a22b5eef2526,True,ok,CONTROL_MINUS_TWIN
PS_035,PS_039,PS_001,SP,369,0.007501291313861104,-0.007337122659151651,-0.014838413973012755,ff3ccfe9b5c7e7e56131356c0700cf119c222504ee0cbf6e6673fdd91e03a2d7,True,ok,CONTROL_MINUS_TWIN
PS_035,PS_039,PS_008,SP,396,0.0032002647056090516,-0.018036603866721873,-0.021236868572330925,ed28b6986b3b56d213dd03170396fe3668d8af43c5337fbf84ae39c390db1143,True,ok,CONTROL_MINUS_TWIN
PS_035,PS_039,PS_009,SP,639,-0.004426255644918921,-0.012705867312829848,-0.008279611667910927,191cee4e3bb97535db91b1991c7dc2639eb5e309aedfc9d57c7269e790e16b38,True,ok,CONTROL_MINUS_TWIN
PS_035,PS_039,PS_010,SP,663,-0.00411061509029987,0.05424834397045174,0.05835895906075161,2df1459fc7a544dba1d452309612a6a3c39da5db4aea456c0f668bb9c53753a3,True,ok,CONTROL_MINUS_TWIN
PS_035,PS_039,PS_011,SP,576,0.0003011221169383835,0.008893256693772188,0.008592134576833804,1adef128c3b0e1e9a0b17da49ac609fd4ed9aba4f5897c323fe99f9e3127d766,True,ok,CONTROL_MINUS_TWIN
PS_035,PS_039,PS_013,SP,612,-0.0033787071944943667,-0.01935050062764305,-0.01597179343314868,f17d9b3815d44613b21afa51bd13e1b527275734d0f51a609fd34c422939b2a8,True,ok,CONTROL_MINUS_TWIN
PS_035,PS_039,PS_036,SP,552,0.0017416601667916282,-0.011206419128335636,-0.012948079295127264,c0daff42891541d877e0a7402c7e4d0aa2b6d97712458e05d2c567417583f7c2,True,ok,CONTROL_MINUS_TWIN
PS_035,PS_039,PS_038,SP,655,-0.003780225358596054,-0.0009771639246231242,0.0028030614339729296,f755d89a253dc55a1963dfb4a328a5d0f8467a2f5e5a08f0ba8a67760fa628c8,True,ok,CONTROL_MINUS_TWIN
PS_039,PS_035,PS_001,SP,557,-0.008919968855404511,-0.015438584905355358,-0.006518616049950847,a391980b17cedadcda478a3d0b44d9260ab3038439376df1cfeb427ab971c49e,True,ok,CONTROL_MINUS_TWIN
PS_039,PS_035,PS_008,SP,636,-0.0110514044652964,-0.011139719491273209,-8.831502597680951e-05,a0aec13766d36d201c3c31c3ea4787facde4b7a2a15692bb347d04b29c49b66b,True,ok,CONTROL_MINUS_TWIN
PS_039,PS_035,PS_009,SP,735,-0.013263940218859002,-0.014954073550626362,-0.00169013333176736,4c2af867b8a4d1bc882c08b69f18c3f6b4e5474a1a65b3995b247bf15dc31aa8,True,ok,CONTROL_MINUS_TWIN
PS_039,PS_035,PS_010,SP,732,-0.013253286811680226,0.08247713457440564,0.09573042138608587,c42c03f2834cb6dad97cc7dc396f2beb71a305ddc869aceaca2008fa3be51daa,True,ok,CONTROL_MINUS_TWIN
PS_039,PS_035,PS_011,SP,705,-0.010562937901622313,0.02250078379773103,0.03306372169935334,9f109143515581aedeba54271a0cce944b8cf36f0b795bda6da416ffa168afff,True,ok,CONTROL_MINUS_TWIN
PS_039,PS_035,PS_013,SP,724,-0.01370745019671607,-0.006649366379500879,0.007058083817215191,7e8732d25059aea00cb70ea8a3f59d0ec4842ee0f504dfc1c2b09d4e03a26c64,True,ok,CONTROL_MINUS_TWIN
PS_039,PS_035,PS_036,SP,643,-0.012343683085661666,-0.005718410200243565,0.0066252728854181014,d8c52b1581c1a95c8ebdc23967998a4531e89b553ffb46b7160128e6b45f706c,True,ok,CONTROL_MINUS_TWIN
PS_039,PS_035,PS_038,SP,722,-0.012392703544021999,-0.0018348640716007308,0.010557839472421268,4bbbc495a3be5f09c7d38ee154bf076e68c2ac32db48a944e12a33b963dcfba8,True,ok,CONTROL_MINUS_TWIN
PS_042,PS_043,PS_005,GO,62,0.011203941843867506,0.0377901135056237,0.026586171661756197,a1a0ad5512c583d82ad3eebd7d20cf61ac82faec481bba0ca8397d5f0227556e,True,ok,CONTROL_MINUS_TWIN
PS_042,PS_044,PS_005,GO,101,-0.004600810608659266,0.05760106850713308,0.06220187911579234,c137c36fad3b7d29afa643b2046cf8f30e701bd85d68711df18e27ebf2af7efd,True,ok,CONTROL_MINUS_TWIN
PS_042,PS_045,PS_005,GO,66,0.01534012983815166,0.04614100105835884,0.03080087122020718,aa8fe7944fc509063b43bc46f51ff510942b4e5a1d9a1d8626e184d9268a1100,True,ok,CONTROL_MINUS_TWIN
PS_042,PS_046,PS_005,GO,55,0.007686325577203258,0.03956893817704096,0.031882612599837705,a39c99889cd55190498b480a8b477c4ac1c1098fd3710da551b09ca1b1df0065,True,ok,CONTROL_MINUS_TWIN
PS_042,PS_047,PS_005,GO,99,0.0768502039247634,0.05740160154195431,-0.019448602382809085,a754f5dfffc60af3511859eb15739a08619a4a0928bd2a42bfec7c749a80f8e1,True,ok,CONTROL_MINUS_TWIN
PS_042,PS_048,PS_005,GO,0,,,,,False,empty_pairwise_intersection,CONTROL_MINUS_TWIN
PS_042,PS_049,PS_005,GO,101,-0.013715500166393661,0.043459676513457994,0.057175176679851655,713c73f2d3b72a007a365f45c72a00931f617ae613fb6103aaf7d505e3db4aac,True,ok,CONTROL_MINUS_TWIN
PS_042,PS_050,PS_005,GO,108,-0.019507731448685638,0.04975590483221134,0.06926363628089698,e697e94e1a2b729f87a50c2b3b7a267badb1f8352b23d5b5eaafa87f7daa7a88,True,ok,CONTROL_MINUS_TWIN
PS_042,PS_051,PS_005,GO,57,-0.004412135795953724,0.04880850439675079,0.05322064019270451,95033787968f096384def3301e795d65e59619b343d3801238b8d1385f5696af,True,ok,CONTROL_MINUS_TWIN
PS_042,PS_043,PS_012,GO,202,0.022717713129972054,0.07601256126981082,0.053294848139838764,142a090d9f7e12182fccfb41ddf353bbffd08a5b60b478267942fa57b5534b56,True,ok,CONTROL_MINUS_TWIN
PS_042,PS_044,PS_012,GO,549,-0.00021518201890504546,0.11577412008880467,0.11598930210770972,8aa738292717faea9a376843f9c51f1936b00f1c5130efe093ca029d224d9141,True,ok,CONTROL_MINUS_TWIN
PS_042,PS_045,PS_012,GO,473,0.001232228710126411,0.1192097579250356,0.1179775292149092,2a05af42f456dc4e7d58dc1385ae173c2e1e890e67c018b59732a4675ee63ddf,True,ok,CONTROL_MINUS_TWIN
PS_042,PS_046,PS_012,GO,460,-0.010707958732173645,0.12368702831546537,0.13439498704763903,0aa36847fb882ef16e361994e690236e3c140ec673b3598302f0972a87458dd2,True,ok,CONTROL_MINUS_TWIN
PS_042,PS_047,PS_012,GO,562,0.11780329344537897,0.11669092902281321,-0.0011123644225657647,a60820c0fbd2d0ca5b480771a7db897a8610b4ae7b0d9ae14e32e751e4f89b7b,True,ok,CONTROL_MINUS_TWIN
PS_042,PS_048,PS_012,GO,0,,,,,False,empty_pairwise_intersection,CONTROL_MINUS_TWIN
PS_042,PS_049,PS_012,GO,551,-0.010490412947357412,0.11310881715455115,0.12359923010190857,0dd5f316bc3cc5c9476ee257b6006037c72a9ede8f1e9e27c93104d2135adf2e,True,ok,CONTROL_MINUS_TWIN
PS_042,PS_050,PS_012,GO,575,-0.013325332283946986,0.11488413217489574,0.12820946445884274,59d9b145f1381bd618a755e6ae4c803e35fa9eac05dda95230ee2ce4e59b96a6,True,ok,CONTROL_MINUS_TWIN
PS_042,PS_051,PS_012,GO,196,-0.007366210860001575,0.07785464459725264,0.08522085545725422,0335d35b9d956c9801378f0d2f3b6c6ba847e007c88699aa990ede5a30f81943,True,ok,CONTROL_MINUS_TWIN
PS_043,PS_042,PS_005,GO,120,-0.029316703918728218,0.04352285589798065,0.07283955981670887,e38526281c8b824cb813915c582c544697b5194c0730751b784b8220d6dd138a,True,ok,CONTROL_MINUS_TWIN
PS_043,PS_044,PS_005,GO,64,-0.005039247617836834,0.020357470703017064,0.025396718320853898,2b197343eab979eb3ccdaf43c28fa059500eb1996529cdef2dc3299caec57fea,True,ok,CONTROL_MINUS_TWIN
PS_043,PS_045,PS_005,GO,21,0.049074266118666825,0.009149252492516032,-0.03992501362615079,3084995c3bd142d8a872fe4a52fdf6b415e6abd918987994bf2404c30ed6b79f,True,ok,CONTROL_MINUS_TWIN
PS_043,PS_046,PS_005,GO,31,0.009010779075232914,0.025397863296550832,0.01638708422131792,b4365a451625d944892365c93785ba7c00766934263c38246c7d73e5d0532bee,True,ok,CONTROL_MINUS_TWIN
PS_043,PS_047,PS_005,GO,84,0.06880107229982133,0.04396923480614964,-0.024831837493671682,2792688fa1a2ed02e6722bacb462d3ba346fafd9f43affbbca9374dc4b6b5157,True,ok,CONTROL_MINUS_TWIN
PS_043,PS_048,PS_005,GO,0,,,,,False,empty_pairwise_intersection,CONTROL_MINUS_TWIN
PS_043,PS_049,PS_005,GO,112,-0.03281502059742492,0.05040169211669025,0.08321671271411518,b8b4fca069c548ca7348a0e9466a39b77f7c59fb57cceff108714c34cb1c47b1,True,ok,CONTROL_MINUS_TWIN
PS_043,PS_050,PS_005,GO,92,-0.034543099676807236,0.03694082000524351,0.07148391968205076,68e1b3a5f73b232d01c5fa1febc94c9f5ed34b521088ff33c14c2a895a49fd7a,True,ok,CONTROL_MINUS_TWIN
PS_043,PS_051,PS_005,GO,74,-0.0296724163086709,0.04044483141962313,0.07011724772829403,da39da754acf39cddc432111617a6cc1fb25d0856087afdfe40d994830bd97ad,True,ok,CONTROL_MINUS_TWIN
PS_043,PS_042,PS_012,GO,386,-0.017842410197130287,0.08566658872898525,0.10350899892611554,608af3be0524267f1abd2e30869ba55542721d40e0ae4a3f1e591777a05a63b8,True,ok,CONTROL_MINUS_TWIN
PS_043,PS_044,PS_012,GO,278,0.0008019431460471599,0.08669082152866603,0.08588887838261887,fe1bf9a72d9c4f2727f9fbc4b89e7dfbd0673b0046314dd2e227eddbeb350dc3,True,ok,CONTROL_MINUS_TWIN
PS_043,PS_045,PS_012,GO,103,0.02532923220261786,0.04684168138136029,0.021512449178742427,2c17d23dcb561dd773d1c3cd4bab92a7485322f79aee049cbdd0ae7a9b5eca4e,True,ok,CONTROL_MINUS_TWIN
PS_043,PS_046,PS_012,GO,185,0.0044726303312593585,0.08409418644955687,0.0796215561182975,18e1f2922afbd78ca8e81d07ac76a009bfc14ae84e539213b4e095922f307a79,True,ok,CONTROL_MINUS_TWIN
PS_043,PS_047,PS_012,GO,231,0.07667176534906683,0.07393681650262526,-0.0027349488464415705,00cd23dfdedfc0f5ecd3b01ce488818745f9e217e7ce32ac18fd6e3f90d7bfb1,True,ok,CONTROL_MINUS_TWIN
PS_043,PS_048,PS_012,GO,0,,,,,False,empty_pairwise_intersection,CONTROL_MINUS_TWIN
PS_043,PS_049,PS_012,GO,273,-0.022282072925338244,0.07244024505605048,0.09472231798138872,cbc68a2bbb0aa24b82d1e55656aed463e14240ff75e721b54c8e1e26825c261a,True,ok,CONTROL_MINUS_TWIN
PS_043,PS_050,PS_012,GO,322,-0.024560354466795678,0.08433570928966819,0.10889606375646387,17206b4fe20e9f935f5e77a8295af3d79e981a67218314867fdaa276556582d6,True,ok,CONTROL_MINUS_TWIN
PS_043,PS_051,PS_012,GO,279,-0.026151664378564136,0.08439508766284538,0.11054675204140951,4147d31891c9ad8fc297d803934748acaed84e0820f6b0f88ab55a83e009caa8,True,ok,CONTROL_MINUS_TWIN
PS_044,PS_042,PS_005,GO,64,0.017277467050636756,0.03646439326163369,0.019186926210996935,70d73ed5b4d267c0a2998f4dfa84e74a0e60160c444ec21aeb6e8d8a08357a2f,True,ok,CONTROL_MINUS_TWIN
PS_044,PS_043,PS_005,GO,38,0.04936454066080781,0.016116311597385025,-0.033248229063422785,09fddb9da4e62b54202bd42995188e9dc3e5ff71e95cdfa9baf119bc9d25a14d,True,ok,CONTROL_MINUS_TWIN
PS_044,PS_045,PS_005,GO,83,0.03548372125245865,0.06849835187065242,0.03301463061819378,d244808b1a394ba2f0f077690cc34744c0f61d2e4b89f176cd4c38bc1cc0af1e,True,ok,CONTROL_MINUS_TWIN
PS_044,PS_046,PS_005,GO,64,0.016823881561572884,0.04836677955768984,0.03154289799611695,171e3dd482f675bf2ab416417ea959c0119cdcf61be2fd652fd20494109a17ba,True,ok,CONTROL_MINUS_TWIN
PS_044,PS_047,PS_005,GO,102,0.072114880634954,0.0513579715353225,-0.0207569090996315,fbcad4828843d23a353df6845b170e80e923cd4a06bb8836eea22c25c3a4e0a6,True,ok,CONTROL_MINUS_TWIN
PS_044,PS_048,PS_005,GO,0,,,,,False,empty_pairwise_intersection,CONTROL_MINUS_TWIN
PS_044,PS_049,PS_005,GO,111,0.017585342674617366,0.057525203882735534,0.03993986120811817,253d5b821a696c6492b99ac7975899e289a5e5196d1412b78504c8ba554fd0fd,True,ok,CONTROL_MINUS_TWIN
PS_044,PS_050,PS_005,GO,128,0.003331235961861481,0.0577530452529848,0.05442180929112332,7a2dc6ccf38ab0bfc000083312690a1b0574c72620ed19aecc32e1316081b760,True,ok,CONTROL_MINUS_TWIN
PS_044,PS_051,PS_005,GO,47,0.033649154562944074,0.03090522812248394,-0.0027439264404601343,463a94c8be61f6014b5dc7873c4b29cfe7d3075e0b71d53fa900ea799b2260b5,True,ok,CONTROL_MINUS_TWIN
PS_044,PS_042,PS_012,GO,389,0.010071979526864352,0.0947599861325423,0.08468800660567795,c984c2e81c370d8530418816732dba787d0e166068e8a0b00f1ac464c4034506,True,ok,CONTROL_MINUS_TWIN
PS_044,PS_043,PS_012,GO,216,0.0450557752038455,0.07597583775381381,0.030920062549968305,b059dc1bd402c029598565f9fef3a1f77b51b6df7a3a926aa3f6c618f0c5b3c9,True,ok,CONTROL_MINUS_TWIN
PS_044,PS_045,PS_012,GO,443,0.019388973481265045,0.10382508060370652,0.08443610712244147,37b96d655dc72191e9fc14fc5e6ae147fce717852c2b7019ce693db51bf02027,True,ok,CONTROL_MINUS_TWIN
PS_044,PS_046,PS_012,GO,460,-0.004084064444547217,0.11301841365818212,0.11710247810272933,a63ac10bf7ddb5ae33222a9692c726af9e7ff27ad63b38b22b942753c5021f0c,True,ok,CONTROL_MINUS_TWIN
PS_044,PS_047,PS_012,GO,558,0.1184777316347179,0.10983926544589019,-0.008638466188827715,19d91d8fdfb8599248310a59e0c1b28108140beff6c256704d30ada9996fb7fc,True,ok,CONTROL_MINUS_TWIN
PS_044,PS_048,PS_012,GO,0,,,,,False,empty_pairwise_intersection,CONTROL_MINUS_TWIN
PS_044,PS_049,PS_012,GO,575,0.005869886279222997,0.107378354962144,0.101508468682921,2fab33406a331830996ccabce28dc2fb700f0234a29306b4388b8c416bd3dcef,True,ok,CONTROL_MINUS_TWIN
PS_044,PS_050,PS_012,GO,616,0.004460466968730939,0.10797489454678602,0.10351442757805508,765c6a4461365a66e0a738a0bba23866d744a67c8bf162da9fa5757478dea41f,True,ok,CONTROL_MINUS_TWIN
PS_044,PS_051,PS_012,GO,177,0.02450225860749397,0.05270400593798451,0.028201747330490537,1890142f7f60a49deea2524bf9b0e633a80a6bbef7eef524c7962ddf930a196c,True,ok,CONTROL_MINUS_TWIN
PS_048,PS_042,PS_005,GO,55,-7.448297946260896e-05,0.10266828023365823,0.10274276321312084,f9a50a51a7cbf83bd979621dd3a3ab0a6c3263a8ec35cc7c9391d7baeadcc159,True,ok,CONTROL_MINUS_TWIN
PS_048,PS_043,PS_005,GO,44,0.008951255833324342,0.0818857989711997,0.07293454313787535,a9d7607d41cee5fb05815f45f1ffe3e188a8024aa9045e0c1a74c4bcd6224e36,True,ok,CONTROL_MINUS_TWIN
PS_048,PS_044,PS_005,GO,58,0.018835030225449495,0.09503393339739342,0.07619890317194393,70aa75a643b942775aa6d6f950c9607a33bd5aa193644d4cc5a110310692a162,True,ok,CONTROL_MINUS_TWIN
PS_048,PS_045,PS_005,GO,39,0.014113868168235386,0.08962765075216847,0.07551378258393308,08a26843a8e8480dcea8b5e9fadd6e99c046b4dfaed98f25da6c7fcab16cc3c0,True,ok,CONTROL_MINUS_TWIN
PS_048,PS_046,PS_005,GO,20,0.017190397534714297,0.080706753053476,0.0635163555187617,9227e2782a9b12571a98ad773574294091741b132642c968662c8774e5259859,True,ok,CONTROL_MINUS_TWIN
PS_048,PS_047,PS_005,GO,28,0.09954172195313865,0.09159766972789726,-0.007944052225241388,950ff1ce11ac57191dcaa73d7f5547071431a8c2835d9c3db464dace6d16b9f1,True,ok,CONTROL_MINUS_TWIN
PS_048,PS_049,PS_005,GO,26,0.005830332898484055,0.07359093636264677,0.06776060346416271,119e80335cce7969dc45a4cdbf9011ae6b814fd1fdea0caca6866a4dbb068c5b,True,ok,CONTROL_MINUS_TWIN
PS_048,PS_050,PS_005,GO,33,0.004041976786258974,0.07569575076821734,0.07165377398195837,4faa2b0cd13594e5e796eef2a8579f4925543df82e441acda2963e34b2d36ac5,True,ok,CONTROL_MINUS_TWIN
PS_048,PS_051,PS_005,GO,38,0.010234858427576737,0.09886640838841315,0.08863154996083641,d44c73f17778bb93fe9c9f4d51559c5421d67f4cb698919a0ce668d88d7f2e23,True,ok,CONTROL_MINUS_TWIN
PS_048,PS_042,PS_012,GO,101,4.8476323957470646e-05,0.047451663517305474,0.047403187193348004,72edcc7e746e792539936cdb34c31072f2056f4179d794a3cbf5d9cb03e4f6a2,True,ok,CONTROL_MINUS_TWIN
PS_048,PS_043,PS_012,GO,99,0.00688628711504859,0.045156672262863726,0.03827038514781514,449f17ab257b4915ef59b8a1c5b5631c5af6e1a402cc8f172831f9052278a134,True,ok,CONTROL_MINUS_TWIN
PS_048,PS_044,PS_012,GO,104,0.014238081238719093,0.04862667137990739,0.034388590141188294,371e108cca8181f445c327c319aa86ea27af8dfd1b5dd653141ab094aad144c1,True,ok,CONTROL_MINUS_TWIN
PS_048,PS_045,PS_012,GO,92,0.021413908545638606,0.0427532646644934,0.02133935611885479,2d81cfe3b5caf607f984efad5ddcf9e8c464d6702277908c9126ec9a2589afd8,True,ok,CONTROL_MINUS_TWIN
PS_048,PS_046,PS_012,GO,66,0.008567617189015816,0.039941350440208426,0.03137373325119261,7c8fcee5974b4b2f547b898d73c4691e998cbb5b94a3a64ad694a316071b6432,True,ok,CONTROL_MINUS_TWIN
PS_048,PS_047,PS_012,GO,78,0.06361289295671642,0.046748985009928856,-0.016863907946787562,262ad8524ae13be422ce94aa68fd71a4c5f691e550bf9bf9af88eb21eda32f8c,True,ok,CONTROL_MINUS_TWIN
PS_048,PS_049,PS_012,GO,76,0.0029948922583397444,0.029228332696211893,0.02623344043787215,0705ea11b10d73a95dddaf6067fdc10cf985e600b9bbc30050759ceca62e6c60,True,ok,CONTROL_MINUS_TWIN
PS_048,PS_050,PS_012,GO,88,0.0032409928469998815,0.039001273947137635,0.03576028110013775,30a8510301486b911334390925eb8def5547d1ec9520f58c8d89521b44edc778,True,ok,CONTROL_MINUS_TWIN
PS_048,PS_051,PS_012,GO,77,0.007625048386958162,0.0528918736520341,0.04526682526507594,cceb117c1717169fe6483d20b89671a8169b4a3edfccdf34b45bfd7444c6e5f9,True,ok,CONTROL_MINUS_TWIN
PS_049,PS_042,PS_005,GO,33,-0.0113485987186661,0.005122994921999774,0.016471593640665874,03a81fc83399c40b0e40fc7c0bfd1e0965d3e2c70beb6d409d2da4cd54c277eb,True,ok,CONTROL_MINUS_TWIN
PS_049,PS_043,PS_005,GO,26,0.008595103268633206,-0.0028430267632624517,-0.011438130031895657,8cf723e17b8c1e0663b954761c75e06362b9cd50b5ee8accf3889b32569951e5,True,ok,CONTROL_MINUS_TWIN
PS_049,PS_044,PS_005,GO,86,0.005571356629869066,0.0919342313796289,0.08636287474975984,a52976cd26e734d69348ce1a69c3f40048a124be8353c523674d11c709473539,True,ok,CONTROL_MINUS_TWIN
PS_049,PS_045,PS_005,GO,90,0.012486782177314304,0.10536361146428729,0.09287682928697298,2638bd19fc2200eacbd1080482dcff88f2d414ffad26ec43180ea22e90570c52,True,ok,CONTROL_MINUS_TWIN
PS_049,PS_046,PS_005,GO,68,0.020586575029399756,0.082467740619449,0.06188116559004925,f26880a5936c9f6e87be94cc4efaa9414f0e88ad879f697b105c51f7fef58697,True,ok,CONTROL_MINUS_TWIN
PS_049,PS_047,PS_005,GO,82,0.09930073775212697,0.06708356850219382,-0.03221716924993315,131a4e29a9ac60a7c1698ab380a273a2ede463799887b8e324918393cab41c7b,True,ok,CONTROL_MINUS_TWIN
PS_049,PS_048,PS_005,GO,0,,,,,False,empty_pairwise_intersection,CONTROL_MINUS_TWIN
PS_049,PS_050,PS_005,GO,104,-0.0029144423143625114,0.0739297944908451,0.0768442368052076,c25e08ee6afdcf6ab67c73798d633027afc8c244c55ff86e63ad0f383c1c7fae,True,ok,CONTROL_MINUS_TWIN
PS_049,PS_051,PS_005,GO,25,-0.002362947024282816,0.02635674372989316,0.028719690754175978,f246dccf238061c244f4247eaf0067c5968825f69d791beeb4d14a2b7c755ccc,True,ok,CONTROL_MINUS_TWIN
PS_049,PS_042,PS_012,GO,144,-0.0032591293739402255,0.03975058649368893,0.04300971586762915,d3992d93200e270d3603ccc7e4ce3521efb942d681ce44f578778799cfb087d2,True,ok,CONTROL_MINUS_TWIN
PS_049,PS_043,PS_012,GO,103,0.009222443771171263,0.03174346913935891,0.022521025368187647,673f0d0cae31c5dd1436916d7acc019f892e379119822dd7d4d3adb32713fae5,True,ok,CONTROL_MINUS_TWIN
PS_049,PS_044,PS_012,GO,388,0.004749788285207113,0.10802674619924589,0.10327695791403878,4f99fb80664e5f4bc11f5d47a9b64b7ecbaa92ad908f58fde173d209e28ba055,True,ok,CONTROL_MINUS_TWIN
PS_049,PS_045,PS_012,GO,506,0.0045513243899119454,0.11954875601138526,0.11499743162147331,49ee6a6b8f174761970e40410ee419b9e81a3caaa41e6b6f27cdee30d3d108bf,True,ok,CONTROL_MINUS_TWIN
PS_049,PS_046,PS_012,GO,471,0.009745517279482266,0.11814878653531855,0.10840326925583628,df86d1fc16c318c7f8b8bf20246db55f30658ca553b853e89fc5c0d9a2d80ad8,True,ok,CONTROL_MINUS_TWIN
PS_049,PS_047,PS_012,GO,464,0.11173890574089021,0.1039439507117027,-0.007794955029187506,abe4e6964083ebd8e516afbeb08ef072dbd7752a4c195e488feeb5f5f86e04ad,True,ok,CONTROL_MINUS_TWIN
PS_049,PS_048,PS_012,GO,0,,,,,False,empty_pairwise_intersection,CONTROL_MINUS_TWIN
PS_049,PS_050,PS_012,GO,552,0.003581047052660574,0.10738272805605889,0.10380168100339832,9391213c7166dbfa8835ff94cb4fcffd35d958ddb535aacce30b693fe324589b,True,ok,CONTROL_MINUS_TWIN
PS_049,PS_051,PS_012,GO,163,-0.001877699689800623,0.059781963107465114,0.06165966279726574,8ad8b3f1935796abd2c8551b511264371d7b1fde18f48ad9bc2e119b89ed1432,True,ok,CONTROL_MINUS_TWIN
PS_050,PS_042,PS_005,GO,21,-0.003481565145076658,0.0338166106061169,0.037298175751193555,a27c019d67de8aa1e8d442452d7f84992665cfa967cad47f361a163908b6b7d8,True,ok,CONTROL_MINUS_TWIN
PS_050,PS_043,PS_005,GO,13,0.03637467067489084,0.006441518388298005,-0.029933152286592837,b2452ea2b6b2e524afdd85546188eea4566cad8201e9d09d149719676739eb4e,True,ok,CONTROL_MINUS_TWIN
PS_050,PS_044,PS_005,GO,46,0.009843568696306752,0.06053713718787749,0.05069356849157074,2651c002482b24e306858f4203d27bd8c129c1b5a4f9e384790488149b8ca513,True,ok,CONTROL_MINUS_TWIN
PS_050,PS_045,PS_005,GO,50,0.030765427987216334,0.06704735630756853,0.036281928320352194,34a614c419931e7b9bfbf4942a74971002e5e11274a9f5cde0d2fe89e54e622b,True,ok,CONTROL_MINUS_TWIN
PS_050,PS_046,PS_005,GO,34,0.011267269175835024,0.06513923444901792,0.0538719652731829,10b88a0bb272ef948586dd3de31bf6da210cc90087390c8315db6538e561e3ff,True,ok,CONTROL_MINUS_TWIN
PS_050,PS_047,PS_005,GO,53,0.07603488746819675,0.06294037094709995,-0.013094516521096805,d4b5c520954b2e6270b7cf3479adc5a94634d871d6ad797a9677f725377c9701,True,ok,CONTROL_MINUS_TWIN
PS_050,PS_048,PS_005,GO,0,,,,,False,empty_pairwise_intersection,CONTROL_MINUS_TWIN
PS_050,PS_049,PS_005,GO,55,0.02053321501962007,0.05311231738977273,0.03257910237015266,6f14a9293fc399208b94cd3d0bfb5b8921458fdfdd9cb454d4f7fdf26deb4968,True,ok,CONTROL_MINUS_TWIN
PS_050,PS_051,PS_005,GO,18,-0.008282513963664653,0.045028516893535334,0.05331103085719999,b7aa3a94ee55ab33fd563512cdb6442dae645e4f67a374d7d420babd089607ee,True,ok,CONTROL_MINUS_TWIN
PS_050,PS_042,PS_012,GO,124,0.002331179954775754,0.057955641395461964,0.05562446144068621,f109a83057f480883b1810c86378536d705e440757082e2a608901fba9ba3029,True,ok,CONTROL_MINUS_TWIN
PS_050,PS_043,PS_012,GO,69,0.01803926876567121,0.03315118914460718,0.015111920378935967,e895b168332d8221e64485869647fbc7b0a0af3c2b241be8096e893a0ae771c0,True,ok,CONTROL_MINUS_TWIN
PS_050,PS_044,PS_012,GO,411,0.004945634597900622,0.11007404096455513,0.1051284063666545,eb236b78892b4dac73dd930132716690816cb36e883b48e32d8e74ef3d595ee9,True,ok,CONTROL_MINUS_TWIN
PS_050,PS_045,PS_012,GO,562,0.00469816620754817,0.11779752827372819,0.11309936206618001,0d04be5aae657d01b8a1e0458f598548bddee5d705724f23f444e266dbd72df6,True,ok,CONTROL_MINUS_TWIN
PS_050,PS_046,PS_012,GO,559,0.0028165192935579383,0.1216550074961733,0.11883848820261536,73f6b338077c243e5c06c56355d35e8d5930b9296ea1f63f08f4ca52c35b89d8,True,ok,CONTROL_MINUS_TWIN
PS_050,PS_047,PS_012,GO,530,0.11487874345024951,0.11360272421060241,-0.001276019239647097,797a5cd9bc592c4b363bf3e8d4e3f9de64b824fdd5419998010ec9f8b5f2a99c,True,ok,CONTROL_MINUS_TWIN
PS_050,PS_048,PS_012,GO,0,,,,,False,empty_pairwise_intersection,CONTROL_MINUS_TWIN
PS_050,PS_049,PS_012,GO,565,0.007607337339901224,0.11273462539897146,0.10512728805907023,d1ad0e121ea2cae8b2e03f1befae113792005bbaea84d2316465001e73f388b7,True,ok,CONTROL_MINUS_TWIN
PS_050,PS_051,PS_012,GO,133,0.002995858143534251,0.049985743476557355,0.046989885333023104,118b59d278860270d763b80d93e2c2461269a4f0a23401ceeec11a364773556f,True,ok,CONTROL_MINUS_TWIN
