group_id,source_plant_id,target_plant_id,otg_abs,otg_rel,support_retention,n_source_train,n_target_test_full,n_target_test_supported,scaler_plant_id,n_source_sampled,n_full_sampled,n_supported_sampled,source_capped,full_capped,supported_capped,source_seed,full_seed,supported_seed,ed_full,ed_supported,ed_removed,mmd2_full,mmd2_supported,mmd2_removed,sigma_source,source_sample_id,full_sample_id,cap1024_n_source_sampled,cap1024_n_full_sampled,cap1024_n_supported_sampled,cap1024_source_capped,cap1024_full_capped,cap1024_supported_capped,cap1024_source_seed,cap1024_full_seed,cap1024_supported_seed,cap1024_ed_full,cap1024_ed_supported,cap1024_ed_removed,cap1024_mmd2_full,cap1024_mmd2_supported,cap1024_mmd2_removed,cap1024_sigma_source,cap1024_source_sample_id,cap1024_full_sample_id
TW_04b9f5d95694,PS_002,PS_003,0.0009569717451765741,0.017039111841167062,0.9481327800829875,10578,3374,3199,PS_002,2048,2048,2048,True,True,True,3504073729,161787594,926688701,0.06373687768665293,0.07282458254084645,-0.009087704854193523,0.017562935411412628,0.01998846182054459,-0.0024255264091319617,1.9290111366159148,2024-03-27T10:00:00Z|2024-03-27T11:00:00Z|2024-03-27T11:45:00Z|2,2025-03-14T16:30:00Z|2025-03-14T16:45:00Z|2025-03-14T17:00:00Z|2,1024,1024,1024,True,True,True,3320592524,1974499802,2837067625,0.07512731508942827,0.08629262213885336,-0.011165307049425088,0.02047946054737282,0.023191056449998637,-0.0027115959026258185,1.9312417289705044,2024-03-27T13:45:00Z|2024-03-27T15:00:00Z|2024-03-27T17:00:00Z|2,2025-03-15T11:00:00Z|2025-03-15T12:15:00Z|2025-03-15T13:00:00Z|2
TW_04b9f5d95694,PS_003,PS_002,0.0011998025490371905,0.01812030043340742,0.9461298554011908,10119,3527,3337,PS_003,2048,2048,2048,True,True,True,2873317567,389861314,1581257358,0.05577365988673666,0.06194057851332069,-0.006166918626584028,0.015274711070129232,0.017310558256383057,-0.002035847186253825,1.9084072088305177,2024-04-03T10:00:00Z|2024-04-03T10:45:00Z|2024-04-03T11:45:00Z|2,2025-03-10T11:00:00Z|2025-03-10T11:45:00Z|2025-03-10T12:00:00Z|2,1024,1024,1024,True,True,True,767170928,644111600,2620312120,0.06619001404695046,0.07511476285127228,-0.008924748804321814,0.018042280856542803,0.020285480820139368,-0.002243199963596565,1.9361209696586448,2024-04-03T13:30:00Z|2024-04-03T15:00:00Z|2024-04-03T15:15:00Z|2,2025-03-10T11:15:00Z|2025-03-10T12:30:00Z|2025-03-10T14:00:00Z|2
TW_4467a039e00b,PS_042,PS_043,-0.017054985529941932,-0.20086861829906913,0.7762326169405815,2455,791,614,PS_042,2048,791,614,True,False,False,1216018867,4106616496,650238124,0.053778712968597375,0.05478549324101567,-0.001006780272418295,0.013136282419960787,0.014587672502685667,-0.0014513900827248793,1.8889887894487947,2025-02-28T15:15:00Z|2025-02-28T15:30:00Z|2025-02-28T15:45:00Z|2,2025-05-21T19:30:00Z|2025-05-21T19:45:00Z|2025-05-21T20:00:00Z|2,1024,791,614,True,False,False,1676497552,1053205069,1875919061,0.05824624815062185,0.05226737235944401,0.00597887579117784,0.014389853979188683,0.01401177276813681,0.00037808121105187276,1.868902406088975,2025-02-28T15:15:00Z|2025-02-28T16:45:00Z|2025-02-28T17:00:00Z|2,2025-05-21T19:30:00Z|2025-05-21T19:45:00Z|2025-05-21T20:00:00Z|2
TW_4467a039e00b,PS_042,PS_044,0.011274777530608182,0.1467595882399013,0.48502994011976047,2455,835,405,PS_042,2048,835,405,True,False,False,1216018867,30750967,1347917363,0.38783103865826707,0.2026844914839343,0.18514654717433277,0.09454172429364616,0.05158348101356558,0.04295824328008058,1.8889887894487947,2025-02-28T15:15:00Z|2025-02-28T15:30:00Z|2025-02-28T15:45:00Z|2,2025-05-20T10:45:00Z|2025-05-20T11:00:00Z|2025-05-20T11:15:00Z|2,1024,835,405,True,False,False,1676497552,2814160984,4255486622,0.4162736006233687,0.2211172826187482,0.19515631800462052,0.102537935675727,0.05724439087150346,0.04529354480422354,1.868902406088975,2025-02-28T15:15:00Z|2025-02-28T16:45:00Z|2025-02-28T17:00:00Z|2,2025-05-20T10:45:00Z|2025-05-20T11:00:00Z|2025-05-20T11:15:00Z|2
TW_4467a039e00b,PS_042,PS_045,-0.008524834471969632,-0.13104990347112724,0.26639344262295084,2455,732,195,PS_042,2048,732,195,True,False,False,1216018867,1176834684,3890344321,0.5734200767997955,0.7529749350447954,-0.17955485824499995,0.14385942115086525,0.1923936824047625,-0.04853426125389726,1.8889887894487947,2025-02-28T15:15:00Z|2025-02-28T15:30:00Z|2025-02-28T15:45:00Z|2,2025-05-21T20:00:00Z|2025-05-21T20:15:00Z|2025-05-21T20:30:00Z|2,1024,732,195,True,False,False,1676497552,1450227976,1297365436,0.5910303556269523,0.7791595151260107,-0.1881291594990584,0.1487502789555416,0.20005452900956167,-0.05130425005402006,1.868902406088975,2025-02-28T15:15:00Z|2025-02-28T16:45:00Z|2025-02-28T17:00:00Z|2,2025-05-21T20:00:00Z|2025-05-21T20:15:00Z|2025-05-21T20:30:00Z|2
TW_4467a039e00b,PS_042,PS_046,-0.004843216533139363,-0.07068037762319683,0.5263157894736842,2455,570,300,PS_042,2048,570,300,True,False,False,1216018867,3568936232,3837459042,0.4596865734363085,0.47355358553730587,-0.013867012100997389,0.1243797336874517,0.12750698888978107,-0.003127255202329371,1.8889887894487947,2025-02-28T15:15:00Z|2025-02-28T15:30:00Z|2025-02-28T15:45:00Z|2,2025-04-24T13:00:00Z|2025-04-24T13:15:00Z|2025-04-24T13:30:00Z|2,1024,570,300,True,False,False,1676497552,3134345206,1464397505,0.47295825933170765,0.4943827371314551,-0.021424477799747432,0.12855549222491192,0.13379471417246136,-0.005239221947549444,1.868902406088975,2025-02-28T15:15:00Z|2025-02-28T16:45:00Z|2025-02-28T17:00:00Z|2,2025-04-24T13:00:00Z|2025-04-24T13:15:00Z|2025-04-24T13:30:00Z|2
TW_4467a039e00b,PS_042,PS_047,-0.0035371479670893505,-0.05581063298488716,0.296875,2455,576,171,PS_042,2048,576,171,True,False,False,1216018867,2813817335,2434395863,0.7345007310342617,1.0550259555094113,-0.32052522447514953,0.19634816647794995,0.28529452471180017,-0.08894635823385022,1.8889887894487947,2025-02-28T15:15:00Z|2025-02-28T15:30:00Z|2025-02-28T15:45:00Z|2,2025-04-27T17:30:00Z|2025-04-27T17:45:00Z|2025-04-27T18:00:00Z|2,1024,576,171,True,False,False,1676497552,4109118157,3386510774,0.7413354956033995,1.0900148335166442,-0.3486793379132447,0.19930270696550267,0.2964707300572771,-0.09716802309177441,1.868902406088975,2025-02-28T15:15:00Z|2025-02-28T16:45:00Z|2025-02-28T17:00:00Z|2,2025-04-27T17:30:00Z|2025-04-27T17:45:00Z|2025-04-27T18:00:00Z|2
TW_4467a039e00b,PS_042,PS_048,0.000123874310040753,0.0039252061566285405,0.2259810554803789,2455,739,167,PS_042,2048,739,167,True,False,False,1216018867,1508765486,2612478998,1.3078699316837363,2.0766955702594827,-0.7688256385757464,0.3633052993383099,0.5482344898847392,-0.1849291905464293,1.8889887894487947,2025-02-28T15:15:00Z|2025-02-28T15:30:00Z|2025-02-28T15:45:00Z|2,2025-05-23T14:45:00Z|2025-05-23T15:00:00Z|2025-05-23T15:15:00Z|2,1024,739,167,True,False,False,1676497552,2235931984,55688233,1.353646092575007,2.1565279831870994,-0.8028818906120925,0.38104280993618567,0.574582366813417,-0.19353955687723134,1.868902406088975,2025-02-28T15:15:00Z|2025-02-28T16:45:00Z|2025-02-28T17:00:00Z|2,2025-05-23T14:45:00Z|2025-05-23T15:00:00Z|2025-05-23T15:15:00Z|2
TW_4467a039e00b,PS_042,PS_049,-0.002884754831913139,-0.03675628361201586,0.20422535211267606,2455,710,145,PS_042,2048,710,145,True,False,False,1216018867,562688539,641996768,0.8044339465536556,0.8520684509142269,-0.04763450436057126,0.21224387029714364,0.2385433831963788,-0.026299512899235156,1.8889887894487947,2025-02-28T15:15:00Z|2025-02-28T15:30:00Z|2025-02-28T15:45:00Z|2,2025-05-23T11:30:00Z|2025-05-23T11:45:00Z|2025-05-23T12:00:00Z|2,1024,710,145,True,False,False,1676497552,2979928853,3546066890,0.8204269179705024,0.8822124486618024,-0.061785530691299995,0.2172018176775823,0.24898848777943172,-0.031786670101849435,1.868902406088975,2025-02-28T15:15:00Z|2025-02-28T16:45:00Z|2025-02-28T17:00:00Z|2,2025-05-23T11:30:00Z|2025-05-23T11:45:00Z|2025-05-23T12:00:00Z|2
TW_4467a039e00b,PS_042,PS_050,0.002331179954775754,0.039929796363007204,0.14744351961950058,2455,841,124,PS_042,2048,841,124,True,False,False,1216018867,1676574427,1815553413,0.8470059210483039,0.8925852679783048,-0.045579346930000986,0.22075534052153278,0.24103820304788792,-0.02028286252635514,1.8889887894487947,2025-02-28T15:15:00Z|2025-02-28T15:30:00Z|2025-02-28T15:45:00Z|2,2025-05-20T13:00:00Z|2025-05-20T13:15:00Z|2025-05-20T13:30:00Z|2,1024,841,124,True,False,False,1676497552,4026172487,3278324572,0.8604318422061421,0.92657073494312,-0.06613889273697793,0.22514609874686087,0.25205832994440525,-0.02691223119754438,1.868902406088975,2025-02-28T15:15:00Z|2025-02-28T16:45:00Z|2025-02-28T17:00:00Z|2,2025-05-20T13:00:00Z|2025-05-20T13:15:00Z|2025-05-20T13:30:00Z|2
TW_4467a039e00b,PS_042,PS_051,0.02785151845552622,0.4205276230157856,0.7161981258366801,2455,747,535,PS_042,2048,747,535,True,False,False,1216018867,3343816573,1826235439,0.17414023458686767,0.1057439546854424,0.06839627990142527,0.04762119222658279,0.029406096270923054,0.018215095955659732,1.8889887894487947,2025-02-28T15:15:00Z|2025-02-28T15:30:00Z|2025-02-28T15:45:00Z|2,2025-05-22T19:00:00Z|2025-05-22T19:15:00Z|2025-05-22T19:30:00Z|2,1024,747,535,True,False,False,1676497552,1760918325,3346419666,0.1632106848681274,0.09406339516777895,0.06914728970034845,0.04493625889581665,0.026159896530742133,0.018776362365074517,1.868902406088975,2025-02-28T15:15:00Z|2025-02-28T16:45:00Z|2025-02-28T17:00:00Z|2,2025-05-22T19:00:00Z|2025-05-22T19:15:00Z|2025-05-22T19:30:00Z|2
TW_4467a039e00b,PS_043,PS_042,0.02282385799882651,0.4530435446190152,0.2576312576312576,2370,819,211,PS_043,2048,819,211,True,False,False,772519767,2553957614,3181486810,0.5536395197443837,0.5584922742924487,-0.004852754548064997,0.13332074086014378,0.1483045703480772,-0.01498382948793342,1.8635010990324585,2025-02-28T14:45:00Z|2025-02-28T15:00:00Z|2025-02-28T15:30:00Z|2,2025-05-20T10:30:00Z|2025-05-20T10:45:00Z|2025-05-20T11:00:00Z|2,1024,819,211,True,False,False,2833055443,850348081,851376659,0.5372207238263751,0.5429084236199249,-0.005687699793549772,0.12811890801655212,0.14274492345394485,-0.014626015437392725,1.892324414468938,2025-02-28T15:45:00Z|2025-02-28T16:00:00Z|2025-02-28T16:30:00Z|2,2025-05-20T10:30:00Z|2025-05-20T10:45:00Z|2025-05-20T11:00:00Z|2
TW_4467a039e00b,PS_043,PS_044,0.04522445857300775,0.608862674749775,0.2634730538922156,2370,835,220,PS_043,2048,835,220,True,False,False,772519767,30750967,3525064597,0.5734709653765595,0.4061901788062068,0.16728078657035272,0.14761232736391228,0.10405711810846197,0.04355520925545031,1.8635010990324585,2025-02-28T14:45:00Z|2025-02-28T15:00:00Z|2025-02-28T15:30:00Z|2,2025-05-20T10:45:00Z|2025-05-20T11:00:00Z|2025-05-20T11:15:00Z|2,1024,835,220,True,False,False,2833055443,2814160984,1629055974,0.5552340021002928,0.395334889352533,0.1598991127477598,0.1413787928962269,0.09998698062820188,0.04139181226802502,1.892324414468938,2025-02-28T15:45:00Z|2025-02-28T16:00:00Z|2025-02-28T16:30:00Z|2,2025-05-20T10:45:00Z|2025-05-20T11:00:00Z|2025-05-20T11:15:00Z|2
TW_4467a039e00b,PS_043,PS_045,0.015195240447891868,0.27891586500159843,0.20218579234972678,2370,732,148,PS_043,2048,732,148,True,False,False,772519767,1176834684,1451654243,0.7315887977348301,0.983315031339248,-0.2517262336044179,0.18980153368932207,0.2647944878482513,-0.07499295415892926,1.8635010990324585,2025-02-28T14:45:00Z|2025-02-28T15:00:00Z|2025-02-28T15:30:00Z|2,2025-05-21T20:00:00Z|2025-05-21T20:15:00Z|2025-05-21T20:30:00Z|2,1024,732,148,True,False,False,2833055443,1450227976,4128443252,0.717771600585825,0.9680786327656332,-0.2503070321798082,0.18452228167268414,0.25795556964892596,-0.07343328797624182,1.892324414468938,2025-02-28T15:45:00Z|2025-02-28T16:00:00Z|2025-02-28T16:30:00Z|2,2025-05-21T20:00:00Z|2025-05-21T20:15:00Z|2025-05-21T20:30:00Z|2
TW_4467a039e00b,PS_043,PS_046,0.014229621346581393,0.23464767941625653,0.2614035087719298,2370,570,149,PS_043,2048,570,149,True,False,False,772519767,3568936232,273065572,0.6491283079914618,0.9717221159189051,-0.3225938079274433,0.17870591259429847,0.2668519985265658,-0.08814608593226736,1.8635010990324585,2025-02-28T14:45:00Z|2025-02-28T15:00:00Z|2025-02-28T15:30:00Z|2,2025-04-24T13:00:00Z|2025-04-24T13:15:00Z|2025-04-24T13:30:00Z|2,1024,570,149,True,False,False,2833055443,3134345206,3595124990,0.6384203023417001,0.9514595785868039,-0.31303927624510375,0.17407712496074002,0.2584711630170944,-0.08439403805635437,1.892324414468938,2025-02-28T15:45:00Z|2025-02-28T16:00:00Z|2025-02-28T16:30:00Z|2,2025-04-24T13:00:00Z|2025-04-24T13:15:00Z|2025-04-24T13:30:00Z|2
TW_4467a039e00b,PS_043,PS_047,0.03048558545326155,0.6192674162863256,0.1684027777777778,2370,576,97,PS_043,2048,576,97,True,False,False,772519767,2813817335,3716166820,0.9137576445608411,1.4715970593232137,-0.5578394147623726,0.2469090439160616,0.4020891791299709,-0.15518013521390928,1.8635010990324585,2025-02-28T14:45:00Z|2025-02-28T15:00:00Z|2025-02-28T15:30:00Z|2,2025-04-27T17:30:00Z|2025-04-27T17:45:00Z|2025-04-27T18:00:00Z|2,1024,576,97,True,False,False,2833055443,4109118157,3640387691,0.90251837693109,1.4417746691684143,-0.5392562922373243,0.2416160497575358,0.3894669361469566,-0.1478508863894208,1.892324414468938,2025-02-28T15:45:00Z|2025-02-28T16:00:00Z|2025-02-28T16:30:00Z|2,2025-04-27T17:30:00Z|2025-04-27T17:45:00Z|2025-04-27T18:00:00Z|2
TW_4467a039e00b,PS_043,PS_048,0.013820111613068065,0.5092852090126324,0.2083897158322057,2370,739,154,PS_043,2048,739,154,True,False,False,772519767,1508765486,975003349,1.3225609588500922,2.2082516426751364,-0.8856906838250442,0.36887743281342567,0.5824835580897808,-0.21360612527635514,1.8635010990324585,2025-02-28T14:45:00Z|2025-02-28T15:00:00Z|2025-02-28T15:30:00Z|2,2025-05-23T14:45:00Z|2025-05-23T15:00:00Z|2025-05-23T15:15:00Z|2,1024,739,154,True,False,False,2833055443,2235931984,2569377577,1.3037549300218967,2.1610029075995807,-0.857247977577684,0.35755543155187564,0.5622262319438722,-0.2046708003919966,1.892324414468938,2025-02-28T15:45:00Z|2025-02-28T16:00:00Z|2025-02-28T16:30:00Z|2,2025-05-23T14:45:00Z|2025-05-23T15:00:00Z|2025-05-23T15:15:00Z|2
TW_4467a039e00b,PS_043,PS_049,0.009391758907144818,0.1476729473248694,0.14788732394366197,2370,710,105,PS_043,2048,710,105,True,False,False,772519767,562688539,4077499727,0.9790901732683015,1.1963095087795104,-0.21721933551120887,0.26345644613535746,0.3317448202173374,-0.06828837408197996,1.8635010990324585,2025-02-28T14:45:00Z|2025-02-28T15:00:00Z|2025-02-28T15:30:00Z|2,2025-05-23T11:30:00Z|2025-05-23T11:45:00Z|2025-05-23T12:00:00Z|2,1024,710,105,True,False,False,2833055443,2979928853,3984948856,0.962981735080888,1.1727352739364312,-0.20975353885554315,0.25689075003540573,0.3211382941547063,-0.06424754411930056,1.892324414468938,2025-02-28T15:45:00Z|2025-02-28T16:00:00Z|2025-02-28T16:30:00Z|2,2025-05-23T11:30:00Z|2025-05-23T11:45:00Z|2025-05-23T12:00:00Z|2
TW_4467a039e00b,PS_043,PS_050,0.01803926876567121,0.3357709066842127,0.08204518430439953,2370,841,69,PS_043,2048,841,69,True,False,False,772519767,1676574427,2657424853,1.0178361067395862,1.5150715338494418,-0.4972354271098556,0.2707714823945008,0.4098499057570735,-0.1390784233625727,1.8635010990324585,2025-02-28T14:45:00Z|2025-02-28T15:00:00Z|2025-02-28T15:30:00Z|2,2025-05-20T13:00:00Z|2025-05-20T13:15:00Z|2025-05-20T13:30:00Z|2,1024,841,69,True,False,False,2833055443,4026172487,44177784,1.0025066381565797,1.4837963701577745,-0.48128973200119485,0.2642996216848955,0.39658977739236523,-0.13229015570746971,1.892324414468938,2025-02-28T15:45:00Z|2025-02-28T16:00:00Z|2025-02-28T16:30:00Z|2,2025-05-20T13:00:00Z|2025-05-20T13:15:00Z|2025-05-20T13:30:00Z|2
TW_4467a039e00b,PS_043,PS_051,0.03570076303226996,0.47104974259283355,0.5502008032128514,2370,747,411,PS_043,2048,747,411,True,False,False,772519767,3343816573,1597663538,0.31071448570458426,0.18031733556898888,0.13039715013559539,0.0869022073845167,0.05097188921258744,0.035930318171929265,1.8635010990324585,2025-02-28T14:45:00Z|2025-02-28T15:00:00Z|2025-02-28T15:30:00Z|2,2025-05-22T19:00:00Z|2025-05-22T19:15:00Z|2025-05-22T19:30:00Z|2,1024,747,411,True,False,False,2833055443,1760918325,4189667835,0.31314145141855865,0.18764207150626722,0.12549937991229143,0.08688636083699319,0.05261070511674504,0.034275655720248155,1.892324414468938,2025-02-28T15:45:00Z|2025-02-28T16:00:00Z|2025-02-28T16:30:00Z|2,2025-05-22T19:00:00Z|2025-05-22T19:15:00Z|2025-05-22T19:30:00Z|2
TW_4467a039e00b,PS_044,PS_042,0.0006296087209668733,0.010208009835106264,0.7057387057387058,2503,819,578,PS_044,2048,819,578,True,False,False,3276981043,2553957614,407770812,0.26037567869348655,0.13725214632877725,0.1231235323647093,0.05571876420296662,0.03546463754675089,0.020254126656215732,1.9372922914858695,2025-02-28T15:00:00Z|2025-02-28T15:30:00Z|2025-02-28T15:45:00Z|2,2025-05-20T10:30:00Z|2025-05-20T10:45:00Z|2025-05-20T11:00:00Z|2,1024,819,578,True,False,False,2220591480,850348081,162471081,0.26546405521562555,0.1388638547429859,0.12660020047263965,0.05609170319060608,0.035362704689225755,0.020728998501380325,1.9352692311291637,2025-02-28T15:00:00Z|2025-02-28T15:15:00Z|2025-02-28T15:30:00Z|2,2025-05-20T10:30:00Z|2025-05-20T10:45:00Z|2025-05-20T11:00:00Z|2
TW_4467a039e00b,PS_044,PS_043,0.0027288394553459383,0.03571242924118368,0.4917825537294564,2503,791,389,PS_044,2048,791,389,True,False,False,3276981043,4106616496,2083207857,0.2498275731494246,0.16832757341417448,0.08149999973525013,0.06667529530931882,0.0417380647844956,0.024937230524823217,1.9372922914858695,2025-02-28T15:00:00Z|2025-02-28T15:30:00Z|2025-02-28T15:45:00Z|2,2025-05-21T19:30:00Z|2025-05-21T19:45:00Z|2025-05-21T20:00:00Z|2,1024,791,389,True,False,False,2220591480,1053205069,95964491,0.23878992042297975,0.1630884242974049,0.07570149612557486,0.06357543982270442,0.04013174972083178,0.02344369010187264,1.9352692311291637,2025-02-28T15:00:00Z|2025-02-28T15:15:00Z|2025-02-28T15:30:00Z|2,2025-05-21T19:30:00Z|2025-05-21T19:45:00Z|2025-05-21T20:00:00Z|2
TW_4467a039e00b,PS_044,PS_045,0.0036192237936387914,0.07694357225457742,0.5860655737704918,2503,732,429,PS_044,2048,732,429,True,False,False,3276981043,1176834684,272766324,0.43451613739597494,0.3217073519345699,0.11280878546140505,0.10677955859983435,0.08260067338713561,0.02417888521269873,1.9372922914858695,2025-02-28T15:00:00Z|2025-02-28T15:30:00Z|2025-02-28T15:45:00Z|2,2025-05-21T20:00:00Z|2025-05-21T20:15:00Z|2025-05-21T20:30:00Z|2,1024,732,429,True,False,False,2220591480,1450227976,1424013971,0.4384504760794985,0.33450576149855316,0.10394471458094534,0.10734979122456689,0.08577574291631862,0.021574048308248273,1.9352692311291637,2025-02-28T15:00:00Z|2025-02-28T15:15:00Z|2025-02-28T15:30:00Z|2,2025-05-21T20:00:00Z|2025-05-21T20:15:00Z|2025-05-21T20:30:00Z|2
TW_4467a039e00b,PS_044,PS_046,0.0039133863461248974,0.06064903023201766,0.8035087719298246,2503,570,458,PS_044,2048,570,458,True,False,False,3276981043,3568936232,308549880,0.34974244743928673,0.2683547780087254,0.0813876694305613,0.09414536385174577,0.07314882629648989,0.02099653755525588,1.9372922914858695,2025-02-28T15:00:00Z|2025-02-28T15:30:00Z|2025-02-28T15:45:00Z|2,2025-04-24T13:00:00Z|2025-04-24T13:15:00Z|2025-04-24T13:30:00Z|2,1024,570,458,True,False,False,2220591480,3134345206,3668165342,0.3502858034802834,0.27364139212095173,0.07664441135933164,0.0942072885703864,0.07441909638232147,0.019788192188064935,1.9352692311291637,2025-02-28T15:00:00Z|2025-02-28T15:15:00Z|2025-02-28T15:30:00Z|2,2025-04-24T13:00:00Z|2025-04-24T13:15:00Z|2025-04-24T13:30:00Z|2
TW_4467a039e00b,PS_044,PS_047,0.0071577689784308035,0.0732059712821589,0.5416666666666666,2503,576,312,PS_044,2048,576,312,True,False,False,3276981043,2813817335,69322187,0.6235855784689925,0.4449559662353888,0.17862961223360374,0.16271718254010614,0.11909528695289029,0.04362189558721585,1.9372922914858695,2025-02-28T15:00:00Z|2025-02-28T15:30:00Z|2025-02-28T15:45:00Z|2,2025-04-27T17:30:00Z|2025-04-27T17:45:00Z|2025-04-27T18:00:00Z|2,1024,576,312,True,False,False,2220591480,4109118157,2696382243,0.6134848647068649,0.45857717099355666,0.15490769371330826,0.1606087597726027,0.12284427547838495,0.03776448429421775,1.9352692311291637,2025-02-28T15:00:00Z|2025-02-28T15:15:00Z|2025-02-28T15:30:00Z|2,2025-04-27T17:30:00Z|2025-04-27T17:45:00Z|2025-04-27T18:00:00Z|2
TW_4467a039e00b,PS_044,PS_048,0.009131841598326293,0.20282058084725926,0.41271989174560214,2503,739,305,PS_044,2048,739,305,True,False,False,3276981043,1508765486,926767950,0.9206613836767061,1.137071232857387,-0.21640984918068096,0.24356647118091734,0.3003537129902445,-0.05678724180932715,1.9372922914858695,2025-02-28T15:00:00Z|2025-02-28T15:30:00Z|2025-02-28T15:45:00Z|2,2025-05-23T14:45:00Z|2025-05-23T15:00:00Z|2025-05-23T15:15:00Z|2,1024,739,305,True,False,False,2220591480,2235931984,790853925,0.9751949041829102,1.2195324450250757,-0.24433754084216552,0.2576744796189483,0.32121627299179045,-0.06354179337284216,1.9352692311291637,2025-02-28T15:00:00Z|2025-02-28T15:15:00Z|2025-02-28T15:30:00Z|2,2025-05-23T14:45:00Z|2025-05-23T15:00:00Z|2025-05-23T15:15:00Z|2
TW_4467a039e00b,PS_044,PS_049,0.005280386613518866,0.090218034400501,0.5661971830985916,2503,710,402,PS_044,2048,710,402,True,False,False,3276981043,562688539,4222422184,0.6838005692268974,0.41913421840014187,0.2646663508267555,0.1782480321974178,0.11752008104586875,0.06072795115154905,1.9372922914858695,2025-02-28T15:00:00Z|2025-02-28T15:30:00Z|2025-02-28T15:45:00Z|2,2025-05-23T11:30:00Z|2025-05-23T11:45:00Z|2025-05-23T12:00:00Z|2,1024,710,402,True,False,False,2220591480,2979928853,708626922,0.6787396705047875,0.4229352643483282,0.2558044061564593,0.17667258852837375,0.1182987729202154,0.05837381560815835,1.9352692311291637,2025-02-28T15:00:00Z|2025-02-28T15:15:00Z|2025-02-28T15:30:00Z|2,2025-05-23T11:30:00Z|2025-05-23T11:45:00Z|2025-05-23T12:00:00Z|2
TW_4467a039e00b,PS_044,PS_050,0.005192983227140013,0.09128752236320946,0.5041617122473246,2503,841,424,PS_044,2048,841,424,True,False,False,3276981043,1676574427,2058280163,0.7021451252369226,0.403237211385735,0.29890791385118765,0.17962356840469185,0.11349305931538423,0.06613050908930762,1.9372922914858695,2025-02-28T15:00:00Z|2025-02-28T15:30:00Z|2025-02-28T15:45:00Z|2,2025-05-20T13:00:00Z|2025-05-20T13:15:00Z|2025-05-20T13:30:00Z|2,1024,841,424,True,False,False,2220591480,4026172487,2706386220,0.6940281367956722,0.40701569906460966,0.28701243773106255,0.17737962416132702,0.11428975064163516,0.06308987351969186,1.9352692311291637,2025-02-28T15:00:00Z|2025-02-28T15:15:00Z|2025-02-28T15:30:00Z|2,2025-05-20T13:00:00Z|2025-05-20T13:15:00Z|2025-05-20T13:30:00Z|2
TW_4467a039e00b,PS_044,PS_051,0.043140033374770945,0.6251906827273621,0.4364123159303882,2503,747,326,PS_044,2048,747,326,True,False,False,3276981043,3343816573,3805449859,0.4021874380186752,0.24151395899555883,0.16067347902311635,0.10763685712773774,0.06327796797611795,0.044358889151619785,1.9372922914858695,2025-02-28T15:00:00Z|2025-02-28T15:30:00Z|2025-02-28T15:45:00Z|2,2025-05-22T19:00:00Z|2025-05-22T19:15:00Z|2025-05-22T19:30:00Z|2,1024,747,326,True,False,False,2220591480,1760918325,2443688684,0.3704989023978942,0.220088248572488,0.1504106538254062,0.09963982370707836,0.057712618341489774,0.04192720536558858,1.9352692311291637,2025-02-28T15:00:00Z|2025-02-28T15:15:00Z|2025-02-28T15:30:00Z|2,2025-05-22T19:00:00Z|2025-05-22T19:15:00Z|2025-05-22T19:30:00Z|2
TW_4467a039e00b,PS_045,PS_042,0.0014929881261084438,0.023866326646259962,0.5921855921855922,2196,819,485,PS_045,2048,819,485,True,False,False,4115096424,2553957614,2393361303,0.5541909595617796,0.32044751604492094,0.2337434435168586,0.12434635464444366,0.07697763712974792,0.047368717514695735,2.096961530617256,2025-02-28T15:30:00Z|2025-02-28T15:45:00Z|2025-02-28T16:00:00Z|2,2025-05-20T10:30:00Z|2025-05-20T10:45:00Z|2025-05-20T11:00:00Z|2,1024,819,485,True,False,False,4187371574,850348081,1005128544,0.5349783081778363,0.31489032654784865,0.22008798162998766,0.12078150561679823,0.0758361811878141,0.044945324428984135,2.097045482359546,2025-02-28T15:45:00Z|2025-02-28T16:00:00Z|2025-02-28T16:15:00Z|2,2025-05-20T10:30:00Z|2025-05-20T10:45:00Z|2025-05-20T11:00:00Z|2
TW_4467a039e00b,PS_045,PS_043,0.00927519189125213,0.1559921386328016,0.26169405815423513,2196,791,207,PS_045,2048,791,207,True,False,False,4115096424,4106616496,3113593860,1.1863161597116374,0.5033338240577536,0.6829823356538838,0.2895355225788908,0.12717873825162695,0.16235678432726386,2.096961530617256,2025-02-28T15:30:00Z|2025-02-28T15:45:00Z|2025-02-28T16:00:00Z|2,2025-05-21T19:30:00Z|2025-05-21T19:45:00Z|2025-05-21T20:00:00Z|2,1024,791,207,True,False,False,4187371574,1053205069,3100117156,1.1929248629367781,0.48584341925342667,0.7070814436833515,0.2904985977842124,0.1226057153004474,0.167892882483765,2.097045482359546,2025-02-28T15:45:00Z|2025-02-28T16:00:00Z|2025-02-28T16:15:00Z|2,2025-05-21T19:30:00Z|2025-05-21T19:45:00Z|2025-05-21T20:00:00Z|2
TW_4467a039e00b,PS_045,PS_044,0.019229718852109487,0.2510928805182661,0.5401197604790419,2196,835,451,PS_045,2048,835,451,True,False,False,4115096424,30750967,1174837312,0.671027491594979,0.5150624946955857,0.15596499689939325,0.16074743787172063,0.12800285859940397,0.032744579272316665,2.096961530617256,2025-02-28T15:30:00Z|2025-02-28T15:45:00Z|2025-02-28T16:00:00Z|2,2025-05-20T10:45:00Z|2025-05-20T11:00:00Z|2025-05-20T11:15:00Z|2,1024,835,451,True,False,False,4187371574,2814160984,2537726437,0.6524989378301855,0.503315268396042,0.14918366943414352,0.15684157049061853,0.1252752046540575,0.03156636583656103,2.097045482359546,2025-02-28T15:45:00Z|2025-02-28T16:00:00Z|2025-02-28T16:15:00Z|2,2025-05-20T10:45:00Z|2025-05-20T11:00:00Z|2025-05-20T11:15:00Z|2
TW_4467a039e00b,PS_045,PS_046,0.004750100426155618,0.0725213010497713,0.8245614035087719,2196,570,470,PS_045,2048,570,470,True,False,False,4115096424,3568936232,1150460866,0.2648215681272714,0.2500679390880549,0.01475362903921651,0.06366368832091096,0.059960457823780455,0.0037032304971305052,2.096961530617256,2025-02-28T15:30:00Z|2025-02-28T15:45:00Z|2025-02-28T16:00:00Z|2,2025-04-24T13:00:00Z|2025-04-24T13:15:00Z|2025-04-24T13:30:00Z|2,1024,570,470,True,False,False,4187371574,3134345206,1191027067,0.2393754332176954,0.22376385940788213,0.015611573809813262,0.05739368311205073,0.05342354583461639,0.003970137277434338,2.097045482359546,2025-02-28T15:45:00Z|2025-02-28T16:00:00Z|2025-02-28T16:15:00Z|2,2025-04-24T13:00:00Z|2025-04-24T13:15:00Z|2025-04-24T13:30:00Z|2
TW_4467a039e00b,PS_045,PS_047,-0.029810222612715945,-0.24111774765010588,0.7239583333333334,2196,576,417,PS_045,2048,576,417,True,False,False,4115096424,2813817335,1216586396,0.3027306784796102,0.22424268317814766,0.07848799530146255,0.07189096125246608,0.05390526566363385,0.01798569558883223,2.096961530617256,2025-02-28T15:30:00Z|2025-02-28T15:45:00Z|2025-02-28T16:00:00Z|2,2025-04-27T17:30:00Z|2025-04-27T17:45:00Z|2025-04-27T18:00:00Z|2,1024,576,417,True,False,False,4187371574,4109118157,2282460805,0.274123029606935,0.19733057413182564,0.07679245547510938,0.06486599980687813,0.04711914592148836,0.01774685388538977,2.097045482359546,2025-02-28T15:45:00Z|2025-02-28T16:00:00Z|2025-02-28T16:15:00Z|2,2025-04-27T17:30:00Z|2025-04-27T17:45:00Z|2025-04-27T18:00:00Z|2
TW_4467a039e00b,PS_045,PS_048,0.011835130218339714,0.3054139108433952,0.23004059539918809,2196,739,170,PS_045,2048,739,170,True,False,False,4115096424,1508765486,495324161,1.9785180579004833,2.253979579610844,-0.27546152171036065,0.48921136572857316,0.525537985911174,-0.0363266201826008,2.096961530617256,2025-02-28T15:30:00Z|2025-02-28T15:45:00Z|2025-02-28T16:00:00Z|2,2025-05-23T14:45:00Z|2025-05-23T15:00:00Z|2025-05-23T15:15:00Z|2,1024,739,170,True,False,False,4187371574,2235931984,3492512458,1.9802743742285944,2.2234355476336973,-0.2431611734051029,0.4902112790137132,0.51956266072362,-0.02935138170990681,2.097045482359546,2025-02-28T15:45:00Z|2025-02-28T16:00:00Z|2025-02-28T16:15:00Z|2,2025-05-23T14:45:00Z|2025-05-23T15:00:00Z|2025-05-23T15:15:00Z|2
TW_4467a039e00b,PS_045,PS_049,0.005187873056353466,0.09068350552690223,0.7338028169014085,2196,710,521,PS_045,2048,710,521,True,False,False,4115096424,562688539,1823695963,0.47170077445831726,0.31772327663676725,0.15397749782155,0.11042325478157622,0.08056093204780757,0.029862322733768654,2.096961530617256,2025-02-28T15:30:00Z|2025-02-28T15:45:00Z|2025-02-28T16:00:00Z|2,2025-05-23T11:30:00Z|2025-05-23T11:45:00Z|2025-05-23T12:00:00Z|2,1024,710,521,True,False,False,4187371574,2979928853,609382213,0.43413536563834265,0.28717060855184773,0.14696475708649492,0.10145614872902864,0.07266059378069634,0.028795554948332303,2.097045482359546,2025-02-28T15:45:00Z|2025-02-28T16:00:00Z|2025-02-28T16:15:00Z|2,2025-05-23T11:30:00Z|2025-05-23T11:45:00Z|2025-05-23T12:00:00Z|2
TW_4467a039e00b,PS_045,PS_050,0.003812474935823658,0.06243574648323796,0.6967895362663495,2196,841,586,PS_045,2048,841,586,True,False,False,4115096424,1676574427,1019153648,0.44813452313442026,0.2816045142207344,0.16653000891368586,0.10293111319739401,0.07115275989598868,0.03177835330140533,2.096961530617256,2025-02-28T15:30:00Z|2025-02-28T15:45:00Z|2025-02-28T16:00:00Z|2,2025-05-20T13:00:00Z|2025-05-20T13:15:00Z|2025-05-20T13:30:00Z|2,1024,841,586,True,False,False,4187371574,4026172487,223885798,0.4133274714031048,0.2561485730934121,0.15717889830969267,0.0948118535643081,0.06456750919052978,0.03024434437377832,2.097045482359546,2025-02-28T15:45:00Z|2025-02-28T16:00:00Z|2025-02-28T16:15:00Z|2,2025-05-20T13:00:00Z|2025-05-20T13:15:00Z|2025-05-20T13:30:00Z|2
TW_4467a039e00b,PS_045,PS_051,0.031137410707577397,0.6962474186222197,0.33467202141900937,2196,747,250,PS_045,2048,747,250,True,False,False,4115096424,3343816573,1986828127,0.9749005519682648,0.3323991017493375,0.6425014502189272,0.2388310419956723,0.08379293091216122,0.15503811108351107,2.096961530617256,2025-02-28T15:30:00Z|2025-02-28T15:45:00Z|2025-02-28T16:00:00Z|2,2025-05-22T19:00:00Z|2025-05-22T19:15:00Z|2025-05-22T19:30:00Z|2,1024,747,250,True,False,False,4187371574,1760918325,128758960,0.9825841495581487,0.3140090253858525,0.6685751241722961,0.2397529595024135,0.07905507667538747,0.16069788282702602,2.097045482359546,2025-02-28T15:45:00Z|2025-02-28T16:00:00Z|2025-02-28T16:15:00Z|2,2025-05-22T19:00:00Z|2025-05-22T19:15:00Z|2025-05-22T19:30:00Z|2
TW_4467a039e00b,PS_046,PS_042,-0.010587238995745159,-0.1671372866492131,0.5763125763125763,1710,819,472,PS_046,1710,819,472,False,False,False,1384788641,2553957614,983140785,0.6057397744755946,0.27907090376232646,0.3266688707132681,0.13273083789422624,0.06844958391653466,0.06428125397769158,2.0448556425177995,2025-02-28T15:45:00Z|2025-02-28T16:00:00Z|2025-02-28T16:15:00Z|2,2025-05-20T10:30:00Z|2025-05-20T10:45:00Z|2025-05-20T11:00:00Z|2,1024,819,472,True,False,False,853864774,850348081,2161121785,0.6451886116293899,0.29422045987775003,0.35096815175163987,0.14131788398981326,0.07206082692731641,0.06925705706249685,2.0331980680388044,2025-02-28T15:45:00Z|2025-02-28T16:00:00Z|2025-02-28T16:15:00Z|2,2025-05-20T10:30:00Z|2025-05-20T10:45:00Z|2025-05-20T11:00:00Z|2
TW_4467a039e00b,PS_046,PS_043,0.009417230318337189,0.13035654789396006,0.3615676359039191,1710,791,286,PS_046,1710,791,286,False,False,False,1384788641,4106616496,2286120876,0.7869056828873169,0.3976835138991346,0.3892221689881823,0.20210353923293656,0.09893126903100513,0.10317227020193143,2.0448556425177995,2025-02-28T15:45:00Z|2025-02-28T16:00:00Z|2025-02-28T16:15:00Z|2,2025-05-21T19:30:00Z|2025-05-21T19:45:00Z|2025-05-21T20:00:00Z|2,1024,791,286,True,False,False,853864774,1053205069,614782296,0.7926238394428471,0.4035369553887822,0.3890868840540649,0.2050639759128895,0.10145642310184999,0.1036075528110395,2.0331980680388044,2025-02-28T15:45:00Z|2025-02-28T16:00:00Z|2025-02-28T16:15:00Z|2,2025-05-21T19:30:00Z|2025-05-21T19:45:00Z|2025-05-21T20:00:00Z|2
TW_4467a039e00b,PS_046,PS_044,-0.004095805369216318,-0.051219914152006676,0.5544910179640719,1710,835,463,PS_046,1710,835,463,False,False,False,1384788641,30750967,165667478,0.7082662342561767,0.44583161321773623,0.2624346210384405,0.17024091591146417,0.11149061140414962,0.058750304507314555,2.0448556425177995,2025-02-28T15:45:00Z|2025-02-28T16:00:00Z|2025-02-28T16:15:00Z|2,2025-05-20T10:45:00Z|2025-05-20T11:00:00Z|2025-05-20T11:15:00Z|2,1024,835,463,True,False,False,853864774,2814160984,631652107,0.7482087274825617,0.4659859127855972,0.28222281469696453,0.17995216402659198,0.11676998365672331,0.06318218036986867,2.0331980680388044,2025-02-28T15:45:00Z|2025-02-28T16:00:00Z|2025-02-28T16:15:00Z|2,2025-05-20T10:45:00Z|2025-05-20T11:00:00Z|2025-05-20T11:15:00Z|2
TW_4467a039e00b,PS_046,PS_045,0.0005852973683572876,0.013552132510248564,0.6857923497267759,1710,732,502,PS_046,1710,732,502,False,False,False,1384788641,1176834684,3365891460,0.523431663051932,0.27120075140577904,0.25223091164615297,0.11357485168872672,0.06087438387003363,0.052700467818693086,2.0448556425177995,2025-02-28T15:45:00Z|2025-02-28T16:00:00Z|2025-02-28T16:15:00Z|2,2025-05-21T20:00:00Z|2025-05-21T20:15:00Z|2025-05-21T20:30:00Z|2,1024,732,502,True,False,False,853864774,1450227976,3366461744,0.5718251039540929,0.30418716605308505,0.26763793790100787,0.12456307293843438,0.06864900017281172,0.05591407276562266,2.0331980680388044,2025-02-28T15:45:00Z|2025-02-28T16:00:00Z|2025-02-28T16:15:00Z|2,2025-05-21T20:00:00Z|2025-05-21T20:15:00Z|2025-05-21T20:30:00Z|2
TW_4467a039e00b,PS_046,PS_047,-0.0397182861422483,-0.3140212820831142,0.7378472222222222,1710,576,425,PS_046,1710,576,425,False,False,False,1384788641,2813817335,128690823,0.4487917975557165,0.37488266209634236,0.07390913545937416,0.11053060992671515,0.09387243012906543,0.01665817979764972,2.0448556425177995,2025-02-28T15:45:00Z|2025-02-28T16:00:00Z|2025-02-28T16:15:00Z|2,2025-04-27T17:30:00Z|2025-04-27T17:45:00Z|2025-04-27T18:00:00Z|2,1024,576,425,True,False,False,853864774,4109118157,3766623268,0.49435681123551767,0.4167020016435019,0.07765480959201576,0.12191420993618762,0.1043388223314079,0.017575387604779724,2.0331980680388044,2025-02-28T15:45:00Z|2025-02-28T16:00:00Z|2025-02-28T16:15:00Z|2,2025-04-27T17:30:00Z|2025-04-27T17:45:00Z|2025-04-27T18:00:00Z|2
TW_4467a039e00b,PS_046,PS_048,0.008756843000090206,0.1783589992310421,0.11096075778078485,1710,739,82,PS_046,1710,739,82,False,False,False,1384788641,1508765486,1942253450,1.4093304572336929,2.8146939810269993,-1.4053635237933064,0.35646704705937626,0.6722668411587847,-0.3157997940994084,2.0448556425177995,2025-02-28T15:45:00Z|2025-02-28T16:00:00Z|2025-02-28T16:15:00Z|2,2025-05-23T14:45:00Z|2025-05-23T15:00:00Z|2025-05-23T15:15:00Z|2,1024,739,82,True,False,False,853864774,2235931984,1319662869,1.4380617525254933,2.915499351920589,-1.477437599395096,0.3645455573514127,0.6969700533086037,-0.33242449595719104,2.0331980680388044,2025-02-28T15:45:00Z|2025-02-28T16:00:00Z|2025-02-28T16:15:00Z|2,2025-05-23T14:45:00Z|2025-05-23T15:00:00Z|2025-05-23T15:15:00Z|2
TW_4467a039e00b,PS_046,PS_049,0.010210397068968896,0.1748382830475263,0.6816901408450704,1710,710,484,PS_046,1710,710,484,False,False,False,1384788641,562688539,145899054,0.6909039570753803,0.4571546269333244,0.2337493301420559,0.1668068772330209,0.11831863754892047,0.04848823968410043,2.0448556425177995,2025-02-28T15:45:00Z|2025-02-28T16:00:00Z|2025-02-28T16:15:00Z|2,2025-05-23T11:30:00Z|2025-05-23T11:45:00Z|2025-05-23T12:00:00Z|2,1024,710,484,True,False,False,853864774,2979928853,1096949400,0.7467917175350838,0.49993937695436097,0.2468523405807228,0.18068254144212492,0.12949817668290842,0.051184364759216505,2.0331980680388044,2025-02-28T15:45:00Z|2025-02-28T16:00:00Z|2025-02-28T16:15:00Z|2,2025-05-23T11:30:00Z|2025-05-23T11:45:00Z|2025-05-23T12:00:00Z|2
TW_4467a039e00b,PS_046,PS_050,0.002475850877267316,0.04133216625373907,0.6813317479191439,1710,841,573,PS_046,1710,841,573,False,False,False,1384788641,1676574427,4048061832,0.6711513632155073,0.44849263280781626,0.22265873040769102,0.15915406884459604,0.11551163844462842,0.043642430399967624,2.0448556425177995,2025-02-28T15:45:00Z|2025-02-28T16:00:00Z|2025-02-28T16:15:00Z|2,2025-05-20T13:00:00Z|2025-05-20T13:15:00Z|2025-05-20T13:30:00Z|2,1024,841,573,True,False,False,853864774,4026172487,3351025438,0.7240334278900897,0.48651496025596375,0.23751846763412598,0.17215878670835916,0.12551615216306078,0.04664263454529838,2.0331980680388044,2025-02-28T15:45:00Z|2025-02-28T16:00:00Z|2025-02-28T16:15:00Z|2,2025-05-20T13:00:00Z|2025-05-20T13:15:00Z|2025-05-20T13:30:00Z|2
TW_4467a039e00b,PS_046,PS_051,0.021626927752497353,0.4053813711394724,0.39357429718875503,1710,747,294,PS_046,1710,747,294,False,False,False,1384788641,3343816573,1981162996,0.5854302994963314,0.3202157602988245,0.2652145391975069,0.1516754165341011,0.08279894118472875,0.06887647534937236,2.0448556425177995,2025-02-28T15:45:00Z|2025-02-28T16:00:00Z|2025-02-28T16:15:00Z|2,2025-05-22T19:00:00Z|2025-05-22T19:15:00Z|2025-05-22T19:30:00Z|2,1024,747,294,True,False,False,853864774,1760918325,2074490703,0.5854295525397335,0.34219067566415307,0.24323887687558043,0.1533288895231485,0.0891002350986696,0.06422865442447889,2.0331980680388044,2025-02-28T15:45:00Z|2025-02-28T16:00:00Z|2025-02-28T16:15:00Z|2,2025-05-22T19:00:00Z|2025-05-22T19:15:00Z|2025-05-22T19:30:00Z|2
TW_4467a039e00b,PS_047,PS_042,0.11823485794663127,1.8936850371472136,0.7155067155067155,1725,819,586,PS_047,1725,819,586,False,False,False,2540238227,2553957614,640197199,0.26363836553267994,0.14038781101223896,0.12325055452044098,0.06052880584680875,0.035583181207050174,0.02494562463975858,1.8731812005800685,2025-02-28T16:00:00Z|2025-02-28T16:15:00Z|2025-02-28T16:30:00Z|2,2025-05-20T10:30:00Z|2025-05-20T10:45:00Z|2025-05-20T11:00:00Z|2,1024,819,586,True,False,False,981850691,850348081,1559814723,0.2435094481279294,0.13178322850200952,0.11172621962591989,0.05551786728227803,0.033159340314103725,0.022358526968174308,1.8882203898517735,2025-02-28T16:15:00Z|2025-02-28T16:45:00Z|2025-02-28T17:00:00Z|2,2025-05-20T10:30:00Z|2025-05-20T10:45:00Z|2025-05-20T11:00:00Z|2
TW_4467a039e00b,PS_047,PS_043,0.06875139928502538,0.9542942237373928,0.37673830594184576,1725,791,298,PS_047,1725,791,298,False,False,False,2540238227,4106616496,2280199625,0.5724909602726718,0.27845572952007536,0.2940352307525964,0.1595170898352536,0.07573945913273938,0.0837776307025142,1.8731812005800685,2025-02-28T16:00:00Z|2025-02-28T16:15:00Z|2025-02-28T16:30:00Z|2,2025-05-21T19:30:00Z|2025-05-21T19:45:00Z|2025-05-21T20:00:00Z|2,1024,791,298,True,False,False,981850691,1053205069,3309961685,0.5666697364337852,0.26484280676979854,0.3018269296639866,0.15608655667017812,0.0710425514193691,0.08504400525080902,1.8882203898517735,2025-02-28T16:15:00Z|2025-02-28T16:45:00Z|2025-02-28T17:00:00Z|2,2025-05-21T19:30:00Z|2025-05-21T19:45:00Z|2025-05-21T20:00:00Z|2
TW_4467a039e00b,PS_047,PS_044,0.1186737048292433,1.5183387056537043,0.6838323353293413,1725,835,571,PS_047,1725,835,571,False,False,False,2540238227,30750967,61489916,0.327504894409985,0.22450173240414117,0.1030031620058438,0.08411785158689389,0.05887215984387195,0.025245691743021936,1.8731812005800685,2025-02-28T16:00:00Z|2025-02-28T16:15:00Z|2025-02-28T16:30:00Z|2,2025-05-20T10:45:00Z|2025-05-20T11:00:00Z|2025-05-20T11:15:00Z|2,1024,835,571,True,False,False,981850691,2814160984,4010989066,0.30497190469470237,0.21161375497152002,0.09335814972318235,0.07778370668677614,0.05493038075943302,0.022853325927343127,1.8882203898517735,2025-02-28T16:15:00Z|2025-02-28T16:45:00Z|2025-02-28T17:00:00Z|2,2025-05-20T10:45:00Z|2025-05-20T11:00:00Z|2025-05-20T11:15:00Z|2
TW_4467a039e00b,PS_047,PS_045,0.10737278000357282,2.3269209560432285,0.7486338797814208,1725,732,548,PS_047,1725,732,548,False,False,False,2540238227,1176834684,3878683423,0.2216469671727126,0.1317059387197188,0.08994102845299379,0.05024855648977722,0.0312860631570262,0.018962493332751018,1.8731812005800685,2025-02-28T16:00:00Z|2025-02-28T16:15:00Z|2025-02-28T16:30:00Z|2,2025-05-21T20:00:00Z|2025-05-21T20:15:00Z|2025-05-21T20:30:00Z|2,1024,732,548,True,False,False,981850691,1450227976,1255088613,0.204342427468039,0.12327961813034505,0.08106280933769394,0.04586117886090624,0.02893649702116008,0.01692468183974616,1.8882203898517735,2025-02-28T16:15:00Z|2025-02-28T16:45:00Z|2025-02-28T17:00:00Z|2,2025-05-21T20:00:00Z|2025-05-21T20:15:00Z|2025-05-21T20:30:00Z|2
TW_4467a039e00b,PS_047,PS_046,0.06429817903246841,0.9447224934137989,0.8543859649122807,1725,570,487,PS_047,1725,570,487,False,False,False,2540238227,3568936232,2039874754,0.13532802578654124,0.12040714183332257,0.014920883953218667,0.036019290879774735,0.03216171815587843,0.0038575727238963076,1.8731812005800685,2025-02-28T16:00:00Z|2025-02-28T16:15:00Z|2025-02-28T16:30:00Z|2,2025-04-24T13:00:00Z|2025-04-24T13:15:00Z|2025-04-24T13:30:00Z|2,1024,570,487,True,False,False,981850691,3134345206,1705124354,0.12129969158227372,0.10723359918679609,0.014066092395477625,0.03197356606028978,0.028369500738111064,0.0036040653221787178,1.8882203898517735,2025-02-28T16:15:00Z|2025-02-28T16:45:00Z|2025-02-28T17:00:00Z|2,2025-04-24T13:00:00Z|2025-04-24T13:15:00Z|2025-04-24T13:30:00Z|2
TW_4467a039e00b,PS_047,PS_048,0.08546893876819055,2.443780819190178,0.17861975642760486,1725,739,132,PS_047,1725,739,132,False,False,False,2540238227,1508765486,1661248478,1.2167724331573857,1.3740620595382929,-0.15728962638090715,0.3395949646947538,0.36249347539781296,-0.02289851070305915,1.8731812005800685,2025-02-28T16:00:00Z|2025-02-28T16:15:00Z|2025-02-28T16:30:00Z|2,2025-05-23T14:45:00Z|2025-05-23T15:00:00Z|2025-05-23T15:15:00Z|2,1024,739,132,True,False,False,981850691,2235931984,1433919597,1.1909913568507786,1.3218660458469835,-0.1308746889962049,0.3298787359327926,0.3467943996611885,-0.016915663728395924,1.8882203898517735,2025-02-28T16:15:00Z|2025-02-28T16:45:00Z|2025-02-28T17:00:00Z|2,2025-05-23T14:45:00Z|2025-05-23T15:00:00Z|2025-05-23T15:15:00Z|2
TW_4467a039e00b,PS_047,PS_049,0.1118111049686951,1.8366882758778387,0.671830985915493,1725,710,477,PS_047,1725,710,477,False,False,False,2540238227,562688539,3624839226,0.3496554880762073,0.21009098512585056,0.13956450295035672,0.09090359142088111,0.05762172253468667,0.03328186888619444,1.8731812005800685,2025-02-28T16:00:00Z|2025-02-28T16:15:00Z|2025-02-28T16:30:00Z|2,2025-05-23T11:30:00Z|2025-05-23T11:45:00Z|2025-05-23T12:00:00Z|2,1024,710,477,True,False,False,981850691,2979928853,1867059839,0.3321775550554755,0.197350438842806,0.13482711621266952,0.08578957610691118,0.053538063806118474,0.032251512300792706,1.8882203898517735,2025-02-28T16:15:00Z|2025-02-28T16:45:00Z|2025-02-28T17:00:00Z|2,2025-05-23T11:30:00Z|2025-05-23T11:45:00Z|2025-05-23T12:00:00Z|2
TW_4467a039e00b,PS_047,PS_050,0.1148626912301649,1.9077755658762903,0.6373365041617123,1725,841,536,PS_047,1725,841,536,False,False,False,2540238227,1676574427,872966486,0.350809383102078,0.20507131606690088,0.1457380670351771,0.08941453222142104,0.05721804833489097,0.03219648388653007,1.8731812005800685,2025-02-28T16:00:00Z|2025-02-28T16:15:00Z|2025-02-28T16:30:00Z|2,2025-05-20T13:00:00Z|2025-05-20T13:15:00Z|2025-05-20T13:30:00Z|2,1024,841,536,True,False,False,981850691,4026172487,1079274234,0.33569899701808614,0.19718745077899236,0.13851154623909379,0.0850398940190158,0.05440565457454838,0.030634239444467415,1.8882203898517735,2025-02-28T16:15:00Z|2025-02-28T16:45:00Z|2025-02-28T17:00:00Z|2,2025-05-20T13:00:00Z|2025-05-20T13:15:00Z|2025-05-20T13:30:00Z|2
TW_4467a039e00b,PS_047,PS_051,0.1065666629733675,2.3588615818828367,0.42704149933065594,1725,747,319,PS_047,1725,747,319,False,False,False,2540238227,3343816573,3047543004,0.46687647315735026,0.20497202381398139,0.2619044493433689,0.12995283025141147,0.05728962371220914,0.07266320653920233,1.8731812005800685,2025-02-28T16:00:00Z|2025-02-28T16:15:00Z|2025-02-28T16:30:00Z|2,2025-05-22T19:00:00Z|2025-05-22T19:15:00Z|2025-05-22T19:30:00Z|2,1024,747,319,True,False,False,981850691,1760918325,4276154139,0.47101784557448134,0.1953117927220387,0.27570605285244265,0.12921973859047964,0.053939657715931455,0.07528008087454818,1.8882203898517735,2025-02-28T16:15:00Z|2025-02-28T16:45:00Z|2025-02-28T17:00:00Z|2,2025-05-22T19:00:00Z|2025-05-22T19:15:00Z|2025-05-22T19:30:00Z|2
TW_4467a039e00b,PS_049,PS_042,-0.009538453873604733,-0.15601180197257078,0.7081807081807082,2129,819,580,PS_049,2048,819,580,True,False,False,2613664877,2553957614,348363689,0.2452243922262558,0.13795893104905343,0.10726546117720237,0.05306479713675949,0.030989471432295135,0.022075325704464355,2.0648234055130965,2025-02-28T16:00:00Z|2025-02-28T16:15:00Z|2025-02-28T16:30:00Z|2,2025-05-20T10:30:00Z|2025-05-20T10:45:00Z|2025-05-20T11:00:00Z|2,1024,819,580,True,False,False,2140117485,850348081,272427823,0.23353232537055435,0.13657740719319755,0.0969549181773568,0.051402653233309614,0.03123573125178636,0.020166921981523256,2.054990378970449,2025-02-28T17:15:00Z|2025-02-28T18:15:00Z|2025-02-28T18:45:00Z|2,2025-05-20T10:30:00Z|2025-05-20T10:45:00Z|2025-05-20T11:00:00Z|2
TW_4467a039e00b,PS_049,PS_043,-0.014728232054464434,-0.19854073309892148,0.5031605562579013,2129,791,398,PS_049,2048,791,398,True,False,False,2613664877,4106616496,4200750935,0.5183711788831968,0.2838537945922188,0.23451738429097801,0.13060525349878493,0.06863935392051812,0.061965899578266814,2.0648234055130965,2025-02-28T16:00:00Z|2025-02-28T16:15:00Z|2025-02-28T16:30:00Z|2,2025-05-21T19:30:00Z|2025-05-21T19:45:00Z|2025-05-21T20:00:00Z|2,1024,791,398,True,False,False,2140117485,1053205069,3398460799,0.5394050924016356,0.28608888883599404,0.25331620356564155,0.13625381944213188,0.06954456341010085,0.06670925603203104,2.054990378970449,2025-02-28T17:15:00Z|2025-02-28T18:15:00Z|2025-02-28T18:45:00Z|2,2025-05-21T19:30:00Z|2025-05-21T19:45:00Z|2025-05-21T20:00:00Z|2
TW_4467a039e00b,PS_049,PS_044,0.006361898608261737,0.08168660830570257,0.704191616766467,2129,835,588,PS_049,2048,835,588,True,False,False,2613664877,30750967,3785747302,0.3110082266626577,0.22041344513544403,0.09059478152721367,0.07345277024146757,0.051585170809328895,0.021867599432138674,2.0648234055130965,2025-02-28T16:00:00Z|2025-02-28T16:15:00Z|2025-02-28T16:30:00Z|2,2025-05-20T10:45:00Z|2025-05-20T11:00:00Z|2025-05-20T11:15:00Z|2,1024,835,588,True,False,False,2140117485,2814160984,3100957057,0.3013004459193418,0.2203203260783122,0.0809801198410296,0.07198243087571976,0.05218687355752949,0.01979555731819027,2.054990378970449,2025-02-28T17:15:00Z|2025-02-28T18:15:00Z|2025-02-28T18:45:00Z|2,2025-05-20T10:45:00Z|2025-05-20T11:00:00Z|2025-05-20T11:15:00Z|2
TW_4467a039e00b,PS_049,PS_045,0.005620504664835005,0.12287427160781961,0.7581967213114754,2129,732,555,PS_049,2048,732,555,True,False,False,2613664877,1176834684,3822504722,0.190496743053985,0.11500539978643043,0.07549134326755458,0.039640605158298925,0.02424203366079203,0.015398571497506897,2.0648234055130965,2025-02-28T16:00:00Z|2025-02-28T16:15:00Z|2025-02-28T16:30:00Z|2,2025-05-21T20:00:00Z|2025-05-21T20:15:00Z|2025-05-21T20:30:00Z|2,1024,732,555,True,False,False,2140117485,1450227976,4092526792,0.16768350817960886,0.09886269073272369,0.06882081744688517,0.034763670190459006,0.02054868645562835,0.014214983734830655,2.054990378970449,2025-02-28T17:15:00Z|2025-02-28T18:15:00Z|2025-02-28T18:45:00Z|2,2025-05-21T20:00:00Z|2025-05-21T20:15:00Z|2025-05-21T20:30:00Z|2
TW_4467a039e00b,PS_049,PS_046,0.0071416636224147095,0.11049499037108494,0.9052631578947369,2129,570,516,PS_049,2048,570,516,True,False,False,2613664877,3568936232,2675729052,0.12525296971457323,0.1333906799364748,-0.008137710221901573,0.030097540468122075,0.03248093136182506,-0.0023833908937029857,2.0648234055130965,2025-02-28T16:00:00Z|2025-02-28T16:15:00Z|2025-02-28T16:30:00Z|2,2025-04-24T13:00:00Z|2025-04-24T13:15:00Z|2025-04-24T13:30:00Z|2,1024,570,516,True,False,False,2140117485,3134345206,3209694007,0.10779467262422493,0.11486074153971981,-0.007066068915494883,0.025941032201243885,0.02800821850547175,-0.0020671863042278638,2.054990378970449,2025-02-28T17:15:00Z|2025-02-28T18:15:00Z|2025-02-28T18:45:00Z|2,2025-04-24T13:00:00Z|2025-04-24T13:15:00Z|2025-04-24T13:30:00Z|2
TW_4467a039e00b,PS_049,PS_047,-0.017016244994608992,-0.14519796860276393,0.7430555555555556,2129,576,428,PS_049,2048,576,428,True,False,False,2613664877,2813817335,1967728247,0.2330623837914403,0.19390632946293596,0.03915605432850433,0.05773398629933535,0.047286608172025124,0.010447378127310225,2.0648234055130965,2025-02-28T16:00:00Z|2025-02-28T16:15:00Z|2025-02-28T16:30:00Z|2,2025-04-27T17:30:00Z|2025-04-27T17:45:00Z|2025-04-27T18:00:00Z|2,1024,576,428,True,False,False,2140117485,4109118157,2729790411,0.21447758074290535,0.17111888107174233,0.043358699671163015,0.05336959404783781,0.04178940182580404,0.01158019222203377,2.054990378970449,2025-02-28T17:15:00Z|2025-02-28T18:15:00Z|2025-02-28T18:45:00Z|2,2025-04-27T17:30:00Z|2025-04-27T17:45:00Z|2025-04-27T18:00:00Z|2
TW_4467a039e00b,PS_049,PS_048,0.010044521111434682,0.2633611883431936,0.21921515561569688,2129,739,162,PS_049,2048,739,162,True,False,False,2613664877,1508765486,15256643,1.4408122009265232,2.160396103342915,-0.7195839024163919,0.3624164330836481,0.5298373804275973,-0.1674209473439492,2.0648234055130965,2025-02-28T16:00:00Z|2025-02-28T16:15:00Z|2025-02-28T16:30:00Z|2,2025-05-23T14:45:00Z|2025-05-23T15:00:00Z|2025-05-23T15:15:00Z|2,1024,739,162,True,False,False,2140117485,2235931984,2499123539,1.4349550454688909,2.1008960911156382,-0.6659410456467474,0.3641953470652035,0.5190946738947295,-0.154899326829526,2.054990378970449,2025-02-28T17:15:00Z|2025-02-28T18:15:00Z|2025-02-28T18:45:00Z|2,2025-05-23T14:45:00Z|2025-05-23T15:00:00Z|2025-05-23T15:15:00Z|2
TW_4467a039e00b,PS_049,PS_050,0.006793773823267998,0.1129250027348752,0.6979785969084423,2129,841,587,PS_049,2048,841,587,True,False,False,2613664877,1676574427,644255398,0.3283693981327118,0.22097962192738474,0.10738977620532708,0.07730878525695695,0.05358001877611285,0.0237287664808441,2.0648234055130965,2025-02-28T16:00:00Z|2025-02-28T16:15:00Z|2025-02-28T16:30:00Z|2,2025-05-20T13:00:00Z|2025-05-20T13:15:00Z|2025-05-20T13:30:00Z|2,1024,841,587,True,False,False,2140117485,4026172487,1378799667,0.30643361261384494,0.20582637440063833,0.1006072382132066,0.07253995641406052,0.05012432203175066,0.022415634382309868,2.054990378970449,2025-02-28T17:15:00Z|2025-02-28T18:15:00Z|2025-02-28T18:45:00Z|2,2025-05-20T13:00:00Z|2025-05-20T13:15:00Z|2025-05-20T13:30:00Z|2
TW_4467a039e00b,PS_049,PS_051,0.016301774762073354,0.2858920511133578,0.3507362784471218,2129,747,262,PS_049,2048,747,262,True,False,False,2613664877,3343816573,907702553,0.46033126464519025,0.2351227948547221,0.22520846979046816,0.11525812628994903,0.057539128212004576,0.05771899807794445,2.0648234055130965,2025-02-28T16:00:00Z|2025-02-28T16:15:00Z|2025-02-28T16:30:00Z|2,2025-05-22T19:00:00Z|2025-05-22T19:15:00Z|2025-05-22T19:30:00Z|2,1024,747,262,True,False,False,2140117485,1760918325,3004654862,0.4848518879824546,0.23398368201220254,0.25086820597025206,0.12130533307727731,0.05752371399673373,0.06378161908054358,2.054990378970449,2025-02-28T17:15:00Z|2025-02-28T18:15:00Z|2025-02-28T18:45:00Z|2,2025-05-22T19:00:00Z|2025-05-22T19:15:00Z|2025-05-22T19:30:00Z|2
TW_4467a039e00b,PS_050,PS_042,-0.013230633404320673,-0.21313826540246636,0.7362637362637363,2521,819,603,PS_050,2048,819,603,True,False,False,1799195466,2553957614,977916299,0.23184816254195795,0.13918687315665546,0.09266128938530249,0.04865653863436736,0.03246234951407101,0.016194189120296354,1.9991809050490348,2025-02-28T16:00:00Z|2025-02-28T16:15:00Z|2025-02-28T16:30:00Z|2,2025-05-20T10:30:00Z|2025-05-20T10:45:00Z|2025-05-20T11:00:00Z|2,1024,819,603,True,False,False,2239164978,850348081,4226315918,0.23519858984995778,0.13871723407044234,0.09648135577951544,0.049151713354504745,0.03231448515179869,0.016837228202706056,1.9990862090919628,2025-02-28T16:15:00Z|2025-02-28T17:00:00Z|2025-02-28T17:30:00Z|2,2025-05-20T10:30:00Z|2025-05-20T10:45:00Z|2025-05-20T11:00:00Z|2
TW_4467a039e00b,PS_050,PS_043,-0.020052905059231803,-0.26458521386481104,0.5967130214917825,2521,791,472,PS_050,2048,791,472,True,False,False,1799195466,4106616496,2890136372,0.428659883980651,0.35472738055512854,0.07393250342552249,0.1124550086403755,0.08956282847071884,0.022892180169656662,1.9991809050490348,2025-02-28T16:00:00Z|2025-02-28T16:15:00Z|2025-02-28T16:30:00Z|2,2025-05-21T19:30:00Z|2025-05-21T19:45:00Z|2025-05-21T20:00:00Z|2,1024,791,472,True,False,False,2239164978,1053205069,2627527632,0.4173597163186509,0.3444880518650326,0.07287166445361826,0.1090076881753721,0.08659672498054638,0.022410963194825717,1.9990862090919628,2025-02-28T16:15:00Z|2025-02-28T17:00:00Z|2025-02-28T17:30:00Z|2,2025-05-21T19:30:00Z|2025-05-21T19:45:00Z|2025-05-21T20:00:00Z|2
TW_4467a039e00b,PS_050,PS_044,0.004544655186495772,0.05747287774815251,0.755688622754491,2521,835,631,PS_050,2048,835,631,True,False,False,1799195466,30750967,3752384924,0.27940393217549975,0.1937631481223252,0.08564078405317455,0.06544045025763934,0.04757051140833046,0.017869938849308875,1.9991809050490348,2025-02-28T16:00:00Z|2025-02-28T16:15:00Z|2025-02-28T16:30:00Z|2,2025-05-20T10:45:00Z|2025-05-20T11:00:00Z|2025-05-20T11:15:00Z|2,1024,835,631,True,False,False,2239164978,2814160984,2543792128,0.2811077870324432,0.19223726942798836,0.08887051760445486,0.06573447771680696,0.04720055035732229,0.01853392735948467,1.9990862090919628,2025-02-28T16:15:00Z|2025-02-28T17:00:00Z|2025-02-28T17:30:00Z|2,2025-05-20T10:45:00Z|2025-05-20T11:00:00Z|2025-05-20T11:15:00Z|2
TW_4467a039e00b,PS_050,PS_045,0.0010553703250080343,0.023633088398374257,0.7827868852459017,2521,732,573,PS_050,2048,732,573,True,False,False,1799195466,1176834684,1204018688,0.19378895857009448,0.13991753658123662,0.05387142198885786,0.04052201104848341,0.031647160197420865,0.008874850851062543,1.9991809050490348,2025-02-28T16:00:00Z|2025-02-28T16:15:00Z|2025-02-28T16:30:00Z|2,2025-05-21T20:00:00Z|2025-05-21T20:15:00Z|2025-05-21T20:30:00Z|2,1024,732,573,True,False,False,2239164978,1450227976,3230779678,0.204942629864449,0.1498247418507097,0.05511788801373929,0.043212302161384386,0.03423020959874612,0.008982092562638266,1.9990862090919628,2025-02-28T16:15:00Z|2025-02-28T17:00:00Z|2025-02-28T17:30:00Z|2,2025-05-21T20:00:00Z|2025-05-21T20:15:00Z|2025-05-21T20:30:00Z|2
TW_4467a039e00b,PS_050,PS_046,0.0005212534471596281,0.00779186818535606,0.9403508771929825,2521,570,536,PS_050,2048,570,536,True,False,False,1799195466,3568936232,1698894544,0.10663885144022434,0.10746768045077304,-0.000828829010548704,0.026132335952680386,0.027132074463398048,-0.0009997385107176626,1.9991809050490348,2025-02-28T16:00:00Z|2025-02-28T16:15:00Z|2025-02-28T16:30:00Z|2,2025-04-24T13:00:00Z|2025-04-24T13:15:00Z|2025-04-24T13:30:00Z|2,1024,570,536,True,False,False,2239164978,3134345206,2352155703,0.1157777964793949,0.11644137896635542,-0.0006635824869605234,0.02858932699123784,0.029579969964779185,-0.0009906429735413447,1.9990862090919628,2025-02-28T16:15:00Z|2025-02-28T17:00:00Z|2025-02-28T17:30:00Z|2,2025-04-24T13:00:00Z|2025-04-24T13:15:00Z|2025-04-24T13:30:00Z|2
TW_4467a039e00b,PS_050,PS_047,-0.03700034205493366,-0.30344868305039896,0.8715277777777778,2521,576,502,PS_050,2048,576,502,True,False,False,1799195466,2813817335,1847355404,0.1471921900751756,0.14282212156273544,0.004370068512440151,0.03746857592859554,0.036450014906433736,0.0010185610221618013,1.9991809050490348,2025-02-28T16:00:00Z|2025-02-28T16:15:00Z|2025-02-28T16:30:00Z|2,2025-04-27T17:30:00Z|2025-04-27T17:45:00Z|2025-04-27T18:00:00Z|2,1024,576,502,True,False,False,2239164978,4109118157,2341804191,0.16104522588343517,0.15627336317718732,0.004771862706247854,0.04112682780988597,0.040027706140140173,0.001099121669745795,1.9990862090919628,2025-02-28T16:15:00Z|2025-02-28T17:00:00Z|2025-02-28T17:30:00Z|2,2025-04-27T17:30:00Z|2025-04-27T17:45:00Z|2025-04-27T18:00:00Z|2
TW_4467a039e00b,PS_050,PS_048,0.009320568677168455,0.24711167942805737,0.21109607577807848,2521,739,156,PS_050,2048,739,156,True,False,False,1799195466,1508765486,2439754655,1.3582551933902804,1.915422847226737,-0.5571676538364565,0.3527595145831268,0.48218942818097965,-0.12942991359785283,1.9991809050490348,2025-02-28T16:00:00Z|2025-02-28T16:15:00Z|2025-02-28T16:30:00Z|2,2025-05-23T14:45:00Z|2025-05-23T15:00:00Z|2025-05-23T15:15:00Z|2,1024,739,156,True,False,False,2239164978,2235931984,1063933726,1.350023925988312,1.9284584164877685,-0.5784344904994565,0.35079803484445926,0.48604181058257023,-0.13524377573811097,1.9990862090919628,2025-02-28T16:15:00Z|2025-02-28T17:00:00Z|2025-02-28T17:30:00Z|2,2025-05-23T14:45:00Z|2025-05-23T15:00:00Z|2025-05-23T15:15:00Z|2
TW_4467a039e00b,PS_050,PS_049,0.0037625795021312483,0.06404201316322396,0.8,2521,710,568,PS_050,2048,710,568,True,False,False,1799195466,562688539,2477514123,0.2712493210377005,0.18363329669867,0.08761602433903048,0.06452536677184084,0.046121129378601466,0.018404237393239375,1.9991809050490348,2025-02-28T16:00:00Z|2025-02-28T16:15:00Z|2025-02-28T16:30:00Z|2,2025-05-23T11:30:00Z|2025-05-23T11:45:00Z|2025-05-23T12:00:00Z|2,1024,710,568,True,False,False,2239164978,2979928853,2268510822,0.2854422745687204,0.1958625601981936,0.08957971437052681,0.06822113652626305,0.04947609705960443,0.01874503946665862,1.9990862090919628,2025-02-28T16:15:00Z|2025-02-28T17:00:00Z|2025-02-28T17:30:00Z|2,2025-05-23T11:30:00Z|2025-05-23T11:45:00Z|2025-05-23T12:00:00Z|2
TW_4467a039e00b,PS_050,PS_051,0.007650574427969972,0.12376477708690332,0.5408299866131191,2521,747,404,PS_050,2048,747,404,True,False,False,1799195466,3343816573,2253969797,0.30890739308105575,0.23368468305161239,0.07522271002944336,0.08039814029333003,0.05918535743731268,0.021212782856017354,1.9991809050490348,2025-02-28T16:00:00Z|2025-02-28T16:15:00Z|2025-02-28T16:30:00Z|2,2025-05-22T19:00:00Z|2025-05-22T19:15:00Z|2025-05-22T19:30:00Z|2,1024,747,404,True,False,False,2239164978,1760918325,2595364274,0.29987582522455325,0.2280240799597677,0.07185174526478555,0.07759464606285316,0.057374474244660245,0.02022017181819291,1.9990862090919628,2025-02-28T16:15:00Z|2025-02-28T17:00:00Z|2025-02-28T17:30:00Z|2,2025-05-22T19:00:00Z|2025-05-22T19:15:00Z|2025-05-22T19:30:00Z|2
TW_4467a039e00b,PS_051,PS_042,-0.007736320834921373,-0.16249435840398294,0.2454212454212454,2239,819,201,PS_051,2048,819,201,True,False,False,853992355,2553957614,3034906017,0.7704401429954035,0.7735674983146337,-0.0031273553192301407,0.1813975144315767,0.21157781221558936,-0.030180297784012655,1.8565967556974048,2025-03-10T13:45:00Z|2025-03-10T14:00:00Z|2025-03-10T14:15:00Z|2,2025-05-20T10:30:00Z|2025-05-20T10:45:00Z|2025-05-20T11:00:00Z|2,1024,819,201,True,False,False,2497372182,850348081,2815527631,0.7471998424894506,0.7390564874302912,0.008143355059159418,0.17740548970911463,0.20417822003701147,-0.026772730327896843,1.8325492492837174,2025-03-10T13:45:00Z|2025-03-10T16:15:00Z|2025-03-10T16:30:00Z|2,2025-05-20T10:30:00Z|2025-05-20T10:45:00Z|2025-05-20T11:00:00Z|2
TW_4467a039e00b,PS_051,PS_043,-0.020486714689908703,-0.24098932261142986,0.6371681415929203,2239,791,504,PS_051,2048,791,504,True,False,False,853992355,4106616496,1436868996,0.306443394653539,0.21730316026264496,0.08914023439089402,0.07773961696018494,0.06041124590561342,0.017328371054571523,1.8565967556974048,2025-03-10T13:45:00Z|2025-03-10T14:00:00Z|2025-03-10T14:15:00Z|2,2025-05-21T19:30:00Z|2025-05-21T19:45:00Z|2025-05-21T20:00:00Z|2,1024,791,504,True,False,False,2497372182,1053205069,3529281087,0.29044347613182,0.201096502503187,0.08934697362863298,0.07428033372297849,0.056526598368237924,0.017753735354740563,1.8325492492837174,2025-03-10T13:45:00Z|2025-03-10T16:15:00Z|2025-03-10T16:30:00Z|2,2025-05-21T19:30:00Z|2025-05-21T19:45:00Z|2025-05-21T20:00:00Z|2
TW_4467a039e00b,PS_051,PS_044,0.025727307743394642,0.37414312158639274,0.21437125748502994,2239,835,179,PS_051,2048,835,179,True,False,False,853992355,30750967,3856626683,0.840559415878886,0.92308009413208,-0.08252067825319398,0.2148831957104118,0.2544429070647576,-0.03955971135434577,1.8565967556974048,2025-03-10T13:45:00Z|2025-03-10T14:00:00Z|2025-03-10T14:15:00Z|2,2025-05-20T10:45:00Z|2025-05-20T11:00:00Z|2025-05-20T11:15:00Z|2,1024,835,179,True,False,False,2497372182,2814160984,2995964816,0.8189662875002821,0.8920194786683235,-0.07305319116804143,0.2116135833028603,0.24874224998753713,-0.03712866668467685,1.8325492492837174,2025-03-10T13:45:00Z|2025-03-10T16:15:00Z|2025-03-10T16:30:00Z|2,2025-05-20T10:45:00Z|2025-05-20T11:00:00Z|2025-05-20T11:15:00Z|2
TW_4467a039e00b,PS_051,PS_045,0.006200780150080076,0.11231860724526456,0.21448087431693988,2239,732,157,PS_051,2048,732,157,True,False,False,853992355,1176834684,26484580,0.7740981612836917,0.9656676242295084,-0.19156946294581667,0.1897903894169919,0.26345054622908415,-0.07366015681209226,1.8565967556974048,2025-03-10T13:45:00Z|2025-03-10T14:00:00Z|2025-03-10T14:15:00Z|2,2025-05-21T20:00:00Z|2025-05-21T20:15:00Z|2025-05-21T20:30:00Z|2,1024,732,157,True,False,False,2497372182,1450227976,4036878708,0.7457536374959393,0.9227552781496624,-0.17700164065372315,0.1841409175274391,0.25432232071720384,-0.07018140318976474,1.8325492492837174,2025-03-10T13:45:00Z|2025-03-10T16:15:00Z|2025-03-10T16:30:00Z|2,2025-05-21T20:00:00Z|2025-05-21T20:15:00Z|2025-05-21T20:30:00Z|2
TW_4467a039e00b,PS_051,PS_046,-0.001608455085044827,-0.023511922795181998,0.32456140350877194,2239,570,185,PS_051,2048,570,185,True,False,False,853992355,3568936232,286770991,0.664964783323928,1.0847255658022892,-0.4197607824783611,0.17926484183156122,0.301732975484613,-0.12246813365305176,1.8565967556974048,2025-03-10T13:45:00Z|2025-03-10T14:00:00Z|2025-03-10T14:15:00Z|2,2025-04-24T13:00:00Z|2025-04-24T13:15:00Z|2025-04-24T13:30:00Z|2,1024,570,185,True,False,False,2497372182,3134345206,1632673178,0.6363120717849642,1.0445721204499216,-0.40826004866495746,0.17326025815153745,0.29386572240657327,-0.12060546425503582,1.8325492492837174,2025-03-10T13:45:00Z|2025-03-10T16:15:00Z|2025-03-10T16:30:00Z|2,2025-04-24T13:00:00Z|2025-04-24T13:15:00Z|2025-04-24T13:30:00Z|2
TW_4467a039e00b,PS_051,PS_047,0.011885317316794146,0.20794887915622487,0.2708333333333333,2239,576,156,PS_051,2048,576,156,True,False,False,853992355,2813817335,113387802,0.746272045652437,1.4158586948399963,-0.6695866491875593,0.20131647798115937,0.3950362318978128,-0.19371975391665341,1.8565967556974048,2025-03-10T13:45:00Z|2025-03-10T14:00:00Z|2025-03-10T14:15:00Z|2,2025-04-27T17:30:00Z|2025-04-27T17:45:00Z|2025-04-27T18:00:00Z|2,1024,576,156,True,False,False,2497372182,4109118157,3728118880,0.7188591614307012,1.3719077882795956,-0.6530486268488944,0.19607475867587798,0.3875357779184456,-0.19146101924256764,1.8325492492837174,2025-03-10T13:45:00Z|2025-03-10T16:15:00Z|2025-03-10T16:30:00Z|2,2025-04-27T17:30:00Z|2025-04-27T17:45:00Z|2025-04-27T18:00:00Z|2
TW_4467a039e00b,PS_051,PS_048,0.007179306862026454,0.23436249620743133,0.11231393775372124,2239,739,83,PS_051,2048,739,83,True,False,False,853992355,1508765486,3290512569,1.8170838387836623,3.4065802913760743,-1.589496452592412,0.5065492460071707,0.868108004982139,-0.36155875897496836,1.8565967556974048,2025-03-10T13:45:00Z|2025-03-10T14:00:00Z|2025-03-10T14:15:00Z|2,2025-05-23T14:45:00Z|2025-05-23T15:00:00Z|2025-05-23T15:15:00Z|2,1024,739,83,True,False,False,2497372182,2235931984,1679578288,1.8087642128354124,3.3825301230202234,-1.573765910184811,0.5108689725475019,0.874103282376515,-0.36323430982901317,1.8325492492837174,2025-03-10T13:45:00Z|2025-03-10T16:15:00Z|2025-03-10T16:30:00Z|2,2025-05-23T14:45:00Z|2025-05-23T15:00:00Z|2025-05-23T15:15:00Z|2
TW_4467a039e00b,PS_051,PS_049,-0.0019550935888232104,-0.03193267956561398,0.23380281690140844,2239,710,166,PS_051,2048,710,166,True,False,False,853992355,562688539,1281813213,0.9787363833040883,1.2240311279983456,-0.24529474469425727,0.25938166972726473,0.34440437392616796,-0.08502270419890323,1.8565967556974048,2025-03-10T13:45:00Z|2025-03-10T14:00:00Z|2025-03-10T14:15:00Z|2,2025-05-23T11:30:00Z|2025-05-23T11:45:00Z|2025-05-23T12:00:00Z|2,1024,710,166,True,False,False,2497372182,2979928853,3242714079,0.9501669845497929,1.1819674597523246,-0.23180047520253177,0.25444142959073524,0.3367321808338304,-0.08229075124309515,1.8325492492837174,2025-03-10T13:45:00Z|2025-03-10T16:15:00Z|2025-03-10T16:30:00Z|2,2025-05-23T11:30:00Z|2025-05-23T11:45:00Z|2025-05-23T12:00:00Z|2
TW_4467a039e00b,PS_051,PS_050,0.002995858143534251,0.058970208510513655,0.1581450653983353,2239,841,133,PS_051,2048,841,133,True,False,False,853992355,1676574427,1757196016,0.9270846504850667,1.3669264008289115,-0.43984175034384476,0.24262108658382653,0.38024963930635236,-0.13762855272252583,1.8565967556974048,2025-03-10T13:45:00Z|2025-03-10T14:00:00Z|2025-03-10T14:15:00Z|2,2025-05-20T13:00:00Z|2025-05-20T13:15:00Z|2025-05-20T13:30:00Z|2,1024,841,133,True,False,False,2497372182,4026172487,1057557273,0.8993251575556862,1.3238673174349607,-0.42454215987927446,0.23788133548346757,0.37287178391881803,-0.13499044843535046,1.8325492492837174,2025-03-10T13:45:00Z|2025-03-10T16:15:00Z|2025-03-10T16:30:00Z|2,2025-05-20T13:00:00Z|2025-05-20T13:15:00Z|2025-05-20T13:30:00Z|2
TW_88a108921af7,PS_035,PS_039,-0.013253571979140621,-0.16838816331927267,0.5584218512898331,4883,1318,736,PS_035,2048,1318,736,True,False,False,905113979,3691867138,3533830303,0.856154479305343,0.5644816710566742,0.2916728082486688,0.19726713866906664,0.1462667291070967,0.05100040956196994,1.9868874823254055,2024-11-25T15:30:00Z|2024-11-25T16:00:00Z|2024-11-25T16:15:00Z|2,2025-05-04T13:00:00Z|2025-05-04T13:15:00Z|2025-05-04T13:30:00Z|2,1024,1024,736,True,True,False,1042192020,1793356268,2382887180,0.9056692994620037,0.6134296263373857,0.29223967312461796,0.20995654374900896,0.1593070538324335,0.050649489916575474,1.984724284763649,2024-11-25T16:00:00Z|2024-11-25T18:30:00Z|2024-11-25T21:00:00Z|2,2025-05-04T13:00:00Z|2025-05-04T13:30:00Z|2025-05-04T13:45:00Z|2
TW_88a108921af7,PS_039,PS_035,-0.0045877041055881335,-0.0721986539408859,0.4133906633906634,3952,1628,673,PS_039,2048,1628,673,True,False,False,2543122641,3402209979,200043713,0.5175747647717608,0.43699304927950533,0.08058171549225546,0.14287166975443877,0.12432677449652951,0.018544895257909255,1.844328054064532,2024-12-06T20:15:00Z|2024-12-06T20:30:00Z|2024-12-07T15:15:00Z|2,2025-04-22T20:00:00Z|2025-04-22T20:15:00Z|2025-04-23T10:00:00Z|2,1024,1024,673,True,True,False,2723547619,3630948098,881357112,0.4743089166299608,0.3841633686528274,0.09014554797713337,0.13018975853599613,0.10899846258355006,0.021191295952446065,1.85909929388324,2024-12-07T16:45:00Z|2024-12-07T17:30:00Z|2024-12-07T18:45:00Z|2,2025-04-22T20:00:00Z|2025-04-23T10:30:00Z|2025-04-23T12:15:00Z|2
