group_id,source_plant_id,target_plant_id,rule_id,k,q,computable,reason,n_source_train,n_source_train_days,n_eligible_target_test,n_target_test_days,n_supported,n_supported_days,support_retention,threshold
TW_04b9f5d95694,PS_002,PS_003,CS3,5,0.9,True,,10578,266,3374,88,2974,88,0.8814463544754001,0.35174066171916685
TW_04b9f5d95694,PS_002,PS_003,CS4,5,0.95,True,,10578,266,3374,88,3199,88,0.9481327800829875,0.4062346076280548
TW_04b9f5d95694,PS_003,PS_002,CS3,5,0.9,True,,10119,260,3527,92,3091,92,0.8763821944995747,0.3585358677794322
TW_04b9f5d95694,PS_003,PS_002,CS4,5,0.95,True,,10119,260,3527,92,3337,92,0.9461298554011908,0.41497290002681125
TW_4467a039e00b,PS_042,PS_043,CS3,5,0.9,True,,2455,59,791,20,515,20,0.6510745891276865,0.47085090033623783
TW_4467a039e00b,PS_042,PS_043,CS4,5,0.95,True,,2455,59,791,20,614,20,0.7762326169405815,0.5311994797362574
TW_4467a039e00b,PS_042,PS_044,CS3,5,0.9,True,,2455,59,835,21,283,20,0.3389221556886228,0.47085090033623783
TW_4467a039e00b,PS_042,PS_044,CS4,5,0.95,True,,2455,59,835,21,405,21,0.48502994011976047,0.5311994797362574
TW_4467a039e00b,PS_042,PS_045,CS3,5,0.9,True,,2455,59,732,20,151,18,0.2062841530054645,0.47085090033623783
TW_4467a039e00b,PS_042,PS_045,CS4,5,0.95,True,,2455,59,732,20,195,19,0.26639344262295084,0.5311994797362574
TW_4467a039e00b,PS_042,PS_046,CS3,5,0.9,True,,2455,59,570,16,212,16,0.3719298245614035,0.47085090033623783
TW_4467a039e00b,PS_042,PS_046,CS4,5,0.95,True,,2455,59,570,16,300,16,0.5263157894736842,0.5311994797362574
TW_4467a039e00b,PS_042,PS_047,CS3,5,0.9,True,,2455,59,576,17,113,16,0.19618055555555555,0.47085090033623783
TW_4467a039e00b,PS_042,PS_047,CS4,5,0.95,True,,2455,59,576,17,171,16,0.296875,0.5311994797362574
TW_4467a039e00b,PS_042,PS_048,CS3,5,0.9,True,,2455,59,739,18,142,18,0.19215155615696888,0.47085090033623783
TW_4467a039e00b,PS_042,PS_048,CS4,5,0.95,True,,2455,59,739,18,167,18,0.2259810554803789,0.5311994797362574
TW_4467a039e00b,PS_042,PS_049,CS3,5,0.9,True,,2455,59,710,18,95,17,0.13380281690140844,0.47085090033623783
TW_4467a039e00b,PS_042,PS_049,CS4,5,0.95,True,,2455,59,710,18,145,18,0.20422535211267606,0.5311994797362574
TW_4467a039e00b,PS_042,PS_050,CS3,5,0.9,True,,2455,59,841,21,80,19,0.09512485136741974,0.47085090033623783
TW_4467a039e00b,PS_042,PS_050,CS4,5,0.95,True,,2455,59,841,21,124,21,0.14744351961950058,0.5311994797362574
TW_4467a039e00b,PS_042,PS_051,CS3,5,0.9,True,,2455,59,747,19,440,18,0.5890227576974565,0.47085090033623783
TW_4467a039e00b,PS_042,PS_051,CS4,5,0.95,True,,2455,59,747,19,535,18,0.7161981258366801,0.5311994797362574
TW_4467a039e00b,PS_043,PS_042,CS3,5,0.9,True,,2370,60,819,21,129,20,0.1575091575091575,0.4525299350773017
TW_4467a039e00b,PS_043,PS_042,CS4,5,0.95,True,,2370,60,819,21,211,20,0.2576312576312576,0.5142527041119462
TW_4467a039e00b,PS_043,PS_044,CS3,5,0.9,True,,2370,60,835,21,120,20,0.1437125748502994,0.4525299350773017
TW_4467a039e00b,PS_043,PS_044,CS4,5,0.95,True,,2370,60,835,21,220,20,0.2634730538922156,0.5142527041119462
TW_4467a039e00b,PS_043,PS_045,CS3,5,0.9,True,,2370,60,732,20,112,16,0.15300546448087432,0.4525299350773017
TW_4467a039e00b,PS_043,PS_045,CS4,5,0.95,True,,2370,60,732,20,148,18,0.20218579234972678,0.5142527041119462
TW_4467a039e00b,PS_043,PS_046,CS3,5,0.9,True,,2370,60,570,16,92,16,0.16140350877192983,0.4525299350773017
TW_4467a039e00b,PS_043,PS_046,CS4,5,0.95,True,,2370,60,570,16,149,16,0.2614035087719298,0.5142527041119462
TW_4467a039e00b,PS_043,PS_047,CS3,5,0.9,True,,2370,60,576,17,58,15,0.10069444444444445,0.4525299350773017
TW_4467a039e00b,PS_043,PS_047,CS4,5,0.95,True,,2370,60,576,17,97,16,0.1684027777777778,0.5142527041119462
TW_4467a039e00b,PS_043,PS_048,CS3,5,0.9,True,,2370,60,739,18,131,18,0.17726657645466848,0.4525299350773017
TW_4467a039e00b,PS_043,PS_048,CS4,5,0.95,True,,2370,60,739,18,154,18,0.2083897158322057,0.5142527041119462
TW_4467a039e00b,PS_043,PS_049,CS3,5,0.9,True,,2370,60,710,18,73,17,0.1028169014084507,0.4525299350773017
TW_4467a039e00b,PS_043,PS_049,CS4,5,0.95,True,,2370,60,710,18,105,17,0.14788732394366197,0.5142527041119462
TW_4467a039e00b,PS_043,PS_050,CS3,5,0.9,True,,2370,60,841,21,47,19,0.0558858501783591,0.4525299350773017
TW_4467a039e00b,PS_043,PS_050,CS4,5,0.95,True,,2370,60,841,21,69,20,0.08204518430439953,0.5142527041119462
TW_4467a039e00b,PS_043,PS_051,CS3,5,0.9,True,,2370,60,747,19,301,18,0.4029451137884873,0.4525299350773017
TW_4467a039e00b,PS_043,PS_051,CS4,5,0.95,True,,2370,60,747,19,411,18,0.5502008032128514,0.5142527041119462
TW_4467a039e00b,PS_044,PS_042,CS3,5,0.9,True,,2503,60,819,21,466,20,0.568986568986569,0.48398792532871815
TW_4467a039e00b,PS_044,PS_042,CS4,5,0.95,True,,2503,60,819,21,578,20,0.7057387057387058,0.5641376971789263
TW_4467a039e00b,PS_044,PS_043,CS3,5,0.9,True,,2503,60,791,20,230,20,0.29077117572692796,0.48398792532871815
TW_4467a039e00b,PS_044,PS_043,CS4,5,0.95,True,,2503,60,791,20,389,20,0.4917825537294564,0.5641376971789263
TW_4467a039e00b,PS_044,PS_045,CS3,5,0.9,True,,2503,60,732,20,290,19,0.39617486338797814,0.48398792532871815
TW_4467a039e00b,PS_044,PS_045,CS4,5,0.95,True,,2503,60,732,20,429,19,0.5860655737704918,0.5641376971789263
TW_4467a039e00b,PS_044,PS_046,CS3,5,0.9,True,,2503,60,570,16,365,16,0.6403508771929824,0.48398792532871815
TW_4467a039e00b,PS_044,PS_046,CS4,5,0.95,True,,2503,60,570,16,458,16,0.8035087719298246,0.5641376971789263
TW_4467a039e00b,PS_044,PS_047,CS3,5,0.9,True,,2503,60,576,17,195,16,0.3385416666666667,0.48398792532871815
TW_4467a039e00b,PS_044,PS_047,CS4,5,0.95,True,,2503,60,576,17,312,16,0.5416666666666666,0.5641376971789263
TW_4467a039e00b,PS_044,PS_048,CS3,5,0.9,True,,2503,60,739,18,213,18,0.2882273342354533,0.48398792532871815
TW_4467a039e00b,PS_044,PS_048,CS4,5,0.95,True,,2503,60,739,18,305,18,0.41271989174560214,0.5641376971789263
TW_4467a039e00b,PS_044,PS_049,CS3,5,0.9,True,,2503,60,710,18,253,17,0.3563380281690141,0.48398792532871815
TW_4467a039e00b,PS_044,PS_049,CS4,5,0.95,True,,2503,60,710,18,402,17,0.5661971830985916,0.5641376971789263
TW_4467a039e00b,PS_044,PS_050,CS3,5,0.9,True,,2503,60,841,21,291,21,0.3460166468489893,0.48398792532871815
TW_4467a039e00b,PS_044,PS_050,CS4,5,0.95,True,,2503,60,841,21,424,21,0.5041617122473246,0.5641376971789263
TW_4467a039e00b,PS_044,PS_051,CS3,5,0.9,True,,2503,60,747,19,181,18,0.24230254350736277,0.48398792532871815
TW_4467a039e00b,PS_044,PS_051,CS4,5,0.95,True,,2503,60,747,19,326,18,0.4364123159303882,0.5641376971789263
TW_4467a039e00b,PS_045,PS_042,CS3,5,0.9,True,,2196,54,819,21,383,20,0.46764346764346765,0.610763330999349
TW_4467a039e00b,PS_045,PS_042,CS4,5,0.95,True,,2196,54,819,21,485,20,0.5921855921855922,0.694784995602642
TW_4467a039e00b,PS_045,PS_043,CS3,5,0.9,True,,2196,54,791,20,132,20,0.16687737041719342,0.610763330999349
TW_4467a039e00b,PS_045,PS_043,CS4,5,0.95,True,,2196,54,791,20,207,20,0.26169405815423513,0.694784995602642
TW_4467a039e00b,PS_045,PS_044,CS3,5,0.9,True,,2196,54,835,21,318,21,0.38083832335329343,0.610763330999349
TW_4467a039e00b,PS_045,PS_044,CS4,5,0.95,True,,2196,54,835,21,451,21,0.5401197604790419,0.694784995602642
TW_4467a039e00b,PS_045,PS_046,CS3,5,0.9,True,,2196,54,570,16,394,16,0.6912280701754386,0.610763330999349
TW_4467a039e00b,PS_045,PS_046,CS4,5,0.95,True,,2196,54,570,16,470,16,0.8245614035087719,0.694784995602642
TW_4467a039e00b,PS_045,PS_047,CS3,5,0.9,True,,2196,54,576,17,358,17,0.6215277777777778,0.610763330999349
TW_4467a039e00b,PS_045,PS_047,CS4,5,0.95,True,,2196,54,576,17,417,17,0.7239583333333334,0.694784995602642
TW_4467a039e00b,PS_045,PS_048,CS3,5,0.9,True,,2196,54,739,18,73,17,0.09878213802435724,0.610763330999349
TW_4467a039e00b,PS_045,PS_048,CS4,5,0.95,True,,2196,54,739,18,170,18,0.23004059539918809,0.694784995602642
TW_4467a039e00b,PS_045,PS_049,CS3,5,0.9,True,,2196,54,710,18,442,18,0.6225352112676056,0.610763330999349
TW_4467a039e00b,PS_045,PS_049,CS4,5,0.95,True,,2196,54,710,18,521,18,0.7338028169014085,0.694784995602642
TW_4467a039e00b,PS_045,PS_050,CS3,5,0.9,True,,2196,54,841,21,499,21,0.5933412604042806,0.610763330999349
TW_4467a039e00b,PS_045,PS_050,CS4,5,0.95,True,,2196,54,841,21,586,21,0.6967895362663495,0.694784995602642
TW_4467a039e00b,PS_045,PS_051,CS3,5,0.9,True,,2196,54,747,19,170,19,0.22757697456492637,0.610763330999349
TW_4467a039e00b,PS_045,PS_051,CS4,5,0.95,True,,2196,54,747,19,250,19,0.33467202141900937,0.694784995602642
TW_4467a039e00b,PS_046,PS_042,CS3,5,0.9,True,,1710,41,819,21,378,20,0.46153846153846156,0.5523083941386899
TW_4467a039e00b,PS_046,PS_042,CS4,5,0.95,True,,1710,41,819,21,472,20,0.5763125763125763,0.6448333873596003
TW_4467a039e00b,PS_046,PS_043,CS3,5,0.9,True,,1710,41,791,20,145,20,0.18331226295828065,0.5523083941386899
TW_4467a039e00b,PS_046,PS_043,CS4,5,0.95,True,,1710,41,791,20,286,20,0.3615676359039191,0.6448333873596003
TW_4467a039e00b,PS_046,PS_044,CS3,5,0.9,True,,1710,41,835,21,341,20,0.40838323353293415,0.5523083941386899
TW_4467a039e00b,PS_046,PS_044,CS4,5,0.95,True,,1710,41,835,21,463,21,0.5544910179640719,0.6448333873596003
TW_4467a039e00b,PS_046,PS_045,CS3,5,0.9,True,,1710,41,732,20,416,19,0.5683060109289617,0.5523083941386899
TW_4467a039e00b,PS_046,PS_045,CS4,5,0.95,True,,1710,41,732,20,502,19,0.6857923497267759,0.6448333873596003
TW_4467a039e00b,PS_046,PS_047,CS3,5,0.9,True,,1710,41,576,17,326,17,0.5659722222222222,0.5523083941386899
TW_4467a039e00b,PS_046,PS_047,CS4,5,0.95,True,,1710,41,576,17,425,17,0.7378472222222222,0.6448333873596003
TW_4467a039e00b,PS_046,PS_048,CS3,5,0.9,True,,1710,41,739,18,46,16,0.06224627875507442,0.5523083941386899
TW_4467a039e00b,PS_046,PS_048,CS4,5,0.95,True,,1710,41,739,18,82,18,0.11096075778078485,0.6448333873596003
TW_4467a039e00b,PS_046,PS_049,CS3,5,0.9,True,,1710,41,710,18,370,17,0.5211267605633803,0.5523083941386899
TW_4467a039e00b,PS_046,PS_049,CS4,5,0.95,True,,1710,41,710,18,484,18,0.6816901408450704,0.6448333873596003
TW_4467a039e00b,PS_046,PS_050,CS3,5,0.9,True,,1710,41,841,21,451,21,0.5362663495838288,0.5523083941386899
TW_4467a039e00b,PS_046,PS_050,CS4,5,0.95,True,,1710,41,841,21,573,21,0.6813317479191439,0.6448333873596003
TW_4467a039e00b,PS_046,PS_051,CS3,5,0.9,True,,1710,41,747,19,186,19,0.24899598393574296,0.5523083941386899
TW_4467a039e00b,PS_046,PS_051,CS4,5,0.95,True,,1710,41,747,19,294,19,0.39357429718875503,0.6448333873596003
TW_4467a039e00b,PS_047,PS_042,CS3,5,0.9,True,,1725,45,819,21,538,20,0.6568986568986569,0.5347011349188023
TW_4467a039e00b,PS_047,PS_042,CS4,5,0.95,True,,1725,45,819,21,586,20,0.7155067155067155,0.5976234183922884
TW_4467a039e00b,PS_047,PS_043,CS3,5,0.9,True,,1725,45,791,20,178,20,0.225031605562579,0.5347011349188023
TW_4467a039e00b,PS_047,PS_043,CS4,5,0.95,True,,1725,45,791,20,298,20,0.37673830594184576,0.5976234183922884
TW_4467a039e00b,PS_047,PS_044,CS3,5,0.9,True,,1725,45,835,21,457,21,0.5473053892215569,0.5347011349188023
TW_4467a039e00b,PS_047,PS_044,CS4,5,0.95,True,,1725,45,835,21,571,21,0.6838323353293413,0.5976234183922884
TW_4467a039e00b,PS_047,PS_045,CS3,5,0.9,True,,1725,45,732,20,494,19,0.674863387978142,0.5347011349188023
TW_4467a039e00b,PS_047,PS_045,CS4,5,0.95,True,,1725,45,732,20,548,20,0.7486338797814208,0.5976234183922884
TW_4467a039e00b,PS_047,PS_046,CS3,5,0.9,True,,1725,45,570,16,435,16,0.7631578947368421,0.5347011349188023
TW_4467a039e00b,PS_047,PS_046,CS4,5,0.95,True,,1725,45,570,16,487,16,0.8543859649122807,0.5976234183922884
TW_4467a039e00b,PS_047,PS_048,CS3,5,0.9,True,,1725,45,739,18,78,17,0.10554803788903924,0.5347011349188023
TW_4467a039e00b,PS_047,PS_048,CS4,5,0.95,True,,1725,45,739,18,132,18,0.17861975642760486,0.5976234183922884
TW_4467a039e00b,PS_047,PS_049,CS3,5,0.9,True,,1725,45,710,18,382,18,0.5380281690140845,0.5347011349188023
TW_4467a039e00b,PS_047,PS_049,CS4,5,0.95,True,,1725,45,710,18,477,18,0.671830985915493,0.5976234183922884
TW_4467a039e00b,PS_047,PS_050,CS3,5,0.9,True,,1725,45,841,21,418,21,0.49702734839476814,0.5347011349188023
TW_4467a039e00b,PS_047,PS_050,CS4,5,0.95,True,,1725,45,841,21,536,21,0.6373365041617123,0.5976234183922884
TW_4467a039e00b,PS_047,PS_051,CS3,5,0.9,True,,1725,45,747,19,201,19,0.26907630522088355,0.5347011349188023
TW_4467a039e00b,PS_047,PS_051,CS4,5,0.95,True,,1725,45,747,19,319,19,0.42704149933065594,0.5976234183922884
TW_4467a039e00b,PS_048,PS_042,CS3,5,0.9,False,degenerate_iqr:wind_speed_ms,,,819,21,,,,
TW_4467a039e00b,PS_048,PS_042,CS4,5,0.95,False,degenerate_iqr:wind_speed_ms,,,819,21,,,,
TW_4467a039e00b,PS_048,PS_043,CS3,5,0.9,False,degenerate_iqr:wind_speed_ms,,,791,20,,,,
TW_4467a039e00b,PS_048,PS_043,CS4,5,0.95,False,degenerate_iqr:wind_speed_ms,,,791,20,,,,
TW_4467a039e00b,PS_048,PS_044,CS3,5,0.9,False,degenerate_iqr:wind_speed_ms,,,835,21,,,,
TW_4467a039e00b,PS_048,PS_044,CS4,5,0.95,False,degenerate_iqr:wind_speed_ms,,,835,21,,,,
TW_4467a039e00b,PS_048,PS_045,CS3,5,0.9,False,degenerate_iqr:wind_speed_ms,,,732,20,,,,
TW_4467a039e00b,PS_048,PS_045,CS4,5,0.95,False,degenerate_iqr:wind_speed_ms,,,732,20,,,,
TW_4467a039e00b,PS_048,PS_046,CS3,5,0.9,False,degenerate_iqr:wind_speed_ms,,,570,16,,,,
TW_4467a039e00b,PS_048,PS_046,CS4,5,0.95,False,degenerate_iqr:wind_speed_ms,,,570,16,,,,
TW_4467a039e00b,PS_048,PS_047,CS3,5,0.9,False,degenerate_iqr:wind_speed_ms,,,576,17,,,,
TW_4467a039e00b,PS_048,PS_047,CS4,5,0.95,False,degenerate_iqr:wind_speed_ms,,,576,17,,,,
TW_4467a039e00b,PS_048,PS_049,CS3,5,0.9,False,degenerate_iqr:wind_speed_ms,,,710,18,,,,
TW_4467a039e00b,PS_048,PS_049,CS4,5,0.95,False,degenerate_iqr:wind_speed_ms,,,710,18,,,,
TW_4467a039e00b,PS_048,PS_050,CS3,5,0.9,False,degenerate_iqr:wind_speed_ms,,,841,21,,,,
TW_4467a039e00b,PS_048,PS_050,CS4,5,0.95,False,degenerate_iqr:wind_speed_ms,,,841,21,,,,
TW_4467a039e00b,PS_048,PS_051,CS3,5,0.9,False,degenerate_iqr:wind_speed_ms,,,747,19,,,,
TW_4467a039e00b,PS_048,PS_051,CS4,5,0.95,False,degenerate_iqr:wind_speed_ms,,,747,19,,,,
TW_4467a039e00b,PS_049,PS_042,CS3,5,0.9,True,,2129,54,819,21,496,20,0.6056166056166056,0.571663022481899
TW_4467a039e00b,PS_049,PS_042,CS4,5,0.95,True,,2129,54,819,21,580,20,0.7081807081807082,0.6553870982781045
TW_4467a039e00b,PS_049,PS_043,CS3,5,0.9,True,,2129,54,791,20,205,20,0.25916561314791403,0.571663022481899
TW_4467a039e00b,PS_049,PS_043,CS4,5,0.95,True,,2129,54,791,20,398,20,0.5031605562579013,0.6553870982781045
TW_4467a039e00b,PS_049,PS_044,CS3,5,0.9,True,,2129,54,835,21,435,21,0.5209580838323353,0.571663022481899
TW_4467a039e00b,PS_049,PS_044,CS4,5,0.95,True,,2129,54,835,21,588,21,0.704191616766467,0.6553870982781045
TW_4467a039e00b,PS_049,PS_045,CS3,5,0.9,True,,2129,54,732,20,487,20,0.6653005464480874,0.571663022481899
TW_4467a039e00b,PS_049,PS_045,CS4,5,0.95,True,,2129,54,732,20,555,20,0.7581967213114754,0.6553870982781045
TW_4467a039e00b,PS_049,PS_046,CS3,5,0.9,True,,2129,54,570,16,448,16,0.7859649122807018,0.571663022481899
TW_4467a039e00b,PS_049,PS_046,CS4,5,0.95,True,,2129,54,570,16,516,16,0.9052631578947369,0.6553870982781045
TW_4467a039e00b,PS_049,PS_047,CS3,5,0.9,True,,2129,54,576,17,350,17,0.6076388888888888,0.571663022481899
TW_4467a039e00b,PS_049,PS_047,CS4,5,0.95,True,,2129,54,576,17,428,17,0.7430555555555556,0.6553870982781045
TW_4467a039e00b,PS_049,PS_048,CS3,5,0.9,True,,2129,54,739,18,108,18,0.14614343707713126,0.571663022481899
TW_4467a039e00b,PS_049,PS_048,CS4,5,0.95,True,,2129,54,739,18,162,18,0.21921515561569688,0.6553870982781045
TW_4467a039e00b,PS_049,PS_050,CS3,5,0.9,True,,2129,54,841,21,474,21,0.5636147443519619,0.571663022481899
TW_4467a039e00b,PS_049,PS_050,CS4,5,0.95,True,,2129,54,841,21,587,21,0.6979785969084423,0.6553870982781045
TW_4467a039e00b,PS_049,PS_051,CS3,5,0.9,True,,2129,54,747,19,124,19,0.16599732262382866,0.571663022481899
TW_4467a039e00b,PS_049,PS_051,CS4,5,0.95,True,,2129,54,747,19,262,19,0.3507362784471218,0.6553870982781045
TW_4467a039e00b,PS_050,PS_042,CS3,5,0.9,True,,2521,60,819,21,544,20,0.6642246642246642,0.5136987193950014
TW_4467a039e00b,PS_050,PS_042,CS4,5,0.95,True,,2521,60,819,21,603,20,0.7362637362637363,0.5784805275263192
TW_4467a039e00b,PS_050,PS_043,CS3,5,0.9,True,,2521,60,791,20,338,20,0.427307206068268,0.5136987193950014
TW_4467a039e00b,PS_050,PS_043,CS4,5,0.95,True,,2521,60,791,20,472,20,0.5967130214917825,0.5784805275263192
TW_4467a039e00b,PS_050,PS_044,CS3,5,0.9,True,,2521,60,835,21,535,21,0.6407185628742516,0.5136987193950014
TW_4467a039e00b,PS_050,PS_044,CS4,5,0.95,True,,2521,60,835,21,631,21,0.755688622754491,0.5784805275263192
TW_4467a039e00b,PS_050,PS_045,CS3,5,0.9,True,,2521,60,732,20,502,19,0.6857923497267759,0.5136987193950014
TW_4467a039e00b,PS_050,PS_045,CS4,5,0.95,True,,2521,60,732,20,573,20,0.7827868852459017,0.5784805275263192
TW_4467a039e00b,PS_050,PS_046,CS3,5,0.9,True,,2521,60,570,16,486,16,0.8526315789473684,0.5136987193950014
TW_4467a039e00b,PS_050,PS_046,CS4,5,0.95,True,,2521,60,570,16,536,16,0.9403508771929825,0.5784805275263192
TW_4467a039e00b,PS_050,PS_047,CS3,5,0.9,True,,2521,60,576,17,434,17,0.7534722222222222,0.5136987193950014
TW_4467a039e00b,PS_050,PS_047,CS4,5,0.95,True,,2521,60,576,17,502,17,0.8715277777777778,0.5784805275263192
TW_4467a039e00b,PS_050,PS_048,CS3,5,0.9,True,,2521,60,739,18,102,18,0.13802435723951287,0.5136987193950014
TW_4467a039e00b,PS_050,PS_048,CS4,5,0.95,True,,2521,60,739,18,156,18,0.21109607577807848,0.5784805275263192
TW_4467a039e00b,PS_050,PS_049,CS3,5,0.9,True,,2521,60,710,18,471,18,0.6633802816901408,0.5136987193950014
TW_4467a039e00b,PS_050,PS_049,CS4,5,0.95,True,,2521,60,710,18,568,18,0.8,0.5784805275263192
TW_4467a039e00b,PS_050,PS_051,CS3,5,0.9,True,,2521,60,747,19,265,19,0.35475234270414996,0.5136987193950014
TW_4467a039e00b,PS_050,PS_051,CS4,5,0.95,True,,2521,60,747,19,404,19,0.5408299866131191,0.5784805275263192
TW_4467a039e00b,PS_051,PS_042,CS3,5,0.9,True,,2239,54,819,21,122,19,0.14896214896214896,0.44593846995910896
TW_4467a039e00b,PS_051,PS_042,CS4,5,0.95,True,,2239,54,819,21,201,20,0.2454212454212454,0.5040168921534446
TW_4467a039e00b,PS_051,PS_043,CS3,5,0.9,True,,2239,54,791,20,347,20,0.438685208596713,0.44593846995910896
TW_4467a039e00b,PS_051,PS_043,CS4,5,0.95,True,,2239,54,791,20,504,20,0.6371681415929203,0.5040168921534446
TW_4467a039e00b,PS_051,PS_044,CS3,5,0.9,True,,2239,54,835,21,110,20,0.1317365269461078,0.44593846995910896
TW_4467a039e00b,PS_051,PS_044,CS4,5,0.95,True,,2239,54,835,21,179,20,0.21437125748502994,0.5040168921534446
TW_4467a039e00b,PS_051,PS_045,CS3,5,0.9,True,,2239,54,732,20,106,18,0.1448087431693989,0.44593846995910896
TW_4467a039e00b,PS_051,PS_045,CS4,5,0.95,True,,2239,54,732,20,157,18,0.21448087431693988,0.5040168921534446
TW_4467a039e00b,PS_051,PS_046,CS3,5,0.9,True,,2239,54,570,16,130,15,0.22807017543859648,0.44593846995910896
TW_4467a039e00b,PS_051,PS_046,CS4,5,0.95,True,,2239,54,570,16,185,16,0.32456140350877194,0.5040168921534446
TW_4467a039e00b,PS_051,PS_047,CS3,5,0.9,True,,2239,54,576,17,121,16,0.21006944444444445,0.44593846995910896
TW_4467a039e00b,PS_051,PS_047,CS4,5,0.95,True,,2239,54,576,17,156,16,0.2708333333333333,0.5040168921534446
TW_4467a039e00b,PS_051,PS_048,CS3,5,0.9,True,,2239,54,739,18,74,17,0.10013531799729364,0.44593846995910896
TW_4467a039e00b,PS_051,PS_048,CS4,5,0.95,True,,2239,54,739,18,83,17,0.11231393775372124,0.5040168921534446
TW_4467a039e00b,PS_051,PS_049,CS3,5,0.9,True,,2239,54,710,18,122,17,0.17183098591549295,0.44593846995910896
TW_4467a039e00b,PS_051,PS_049,CS4,5,0.95,True,,2239,54,710,18,166,17,0.23380281690140844,0.5040168921534446
TW_4467a039e00b,PS_051,PS_050,CS3,5,0.9,True,,2239,54,841,21,96,20,0.11414982164090369,0.44593846995910896
TW_4467a039e00b,PS_051,PS_050,CS4,5,0.95,True,,2239,54,841,21,133,20,0.1581450653983353,0.5040168921534446
TW_88a108921af7,PS_035,PS_039,CS3,5,0.9,True,,4883,109,1318,37,509,36,0.38619119878603947,0.472660805091244
TW_88a108921af7,PS_035,PS_039,CS4,5,0.95,True,,4883,109,1318,37,736,37,0.5584218512898331,0.5378490576046681
TW_88a108921af7,PS_039,PS_035,CS3,5,0.9,True,,3952,104,1628,44,498,43,0.3058968058968059,0.4439441520023718
TW_88a108921af7,PS_039,PS_035,CS4,5,0.95,True,,3952,104,1628,44,673,43,0.4133906633906634,0.49852846726282063
