arm_id,origin_id,computable_pair_denominator,plant_balanced_mean_abs_asymmetry,lexical_unordered_pairs,balanced_panel_required
R1_HGB,,38,0.02566657973785508,True,False
R2_AC,,38,0.026502747659309805,True,False
R3_POA100,,38,0.030118099649173523,True,False
R3_POA20,,38,0.03259648526076961,True,False
R4_CS3,,38,0.025383813715901975,True,False
R5_KEEP_ALL_VALID,,38,0.02666456904558651,True,False
R6_TEMPORAL,O1,30,0.01739329848280581,True,True
R6_TEMPORAL,O2,30,0.02623117441691072,True,True
R6_TEMPORAL,O3,30,0.04199741422743697,True,True
